Player,Nation,Pos,Age,MP,Starts,Min,90s,Gls,Ast,G+A,G-PK,PK,PKatt,CrdY,CrdR,xG,npxG,xAG,npxG+xAG,PrgC,PrgP,PrgR,Gls,Ast,G+A,G-PK,G+A-PK,xG,xAG,xG+xAG,npxG,npxG+xAG,Matches,club
Daley Blind,nl NED,DF,31.0,34,32,2808.0,31.2,1.0,2.0,3.0,1.0,0.0,0.0,2.0,0.0,1.9,1.9,3.9,5.8,66.0,497.0,207.0,0.03,0.06,0.1,0.03,0.1,0.06,0.12,0.19,0.06,0.19,Matches,ajax
Sébastien Haller,ci CIV,FW,27.0,31,31,2568.0,28.5,21.0,7.0,28.0,19.0,2.0,2.0,4.0,0.0,21.7,20.2,6.6,26.7,21.0,66.0,216.0,0.74,0.25,0.98,0.67,0.91,0.76,0.23,0.99,0.71,0.94,Matches,ajax
Jurriën Timber,nl NED,DF,20.0,30,29,2550.0,28.3,3.0,2.0,5.0,3.0,0.0,0.0,0.0,0.0,2.3,2.3,1.7,4.0,73.0,256.0,45.0,0.11,0.07,0.18,0.11,0.18,0.08,0.06,0.14,0.08,0.14,Matches,ajax
Steven Berghuis,nl NED,"MF,FW",29.0,33,29,2389.0,26.5,8.0,11.0,19.0,8.0,0.0,0.0,0.0,0.0,8.8,8.8,9.9,18.6,48.0,226.0,227.0,0.3,0.41,0.72,0.3,0.72,0.33,0.37,0.7,0.33,0.7,Matches,ajax
Edson Álvarez,mx MEX,MF,23.0,31,28,2331.0,25.9,5.0,1.0,6.0,5.0,0.0,0.0,5.0,0.0,4.6,4.6,0.4,5.0,20.0,152.0,32.0,0.19,0.04,0.23,0.19,0.23,0.18,0.02,0.19,0.18,0.19,Matches,ajax
Ryan Gravenberch,nl NED,MF,19.0,30,26,2205.0,24.5,2.0,5.0,7.0,2.0,0.0,0.0,4.0,0.0,4.2,4.2,3.9,8.1,92.0,204.0,148.0,0.08,0.2,0.29,0.08,0.29,0.17,0.16,0.33,0.17,0.33,Matches,ajax
Noussair Mazraoui,ma MAR,DF,23.0,25,23,1951.0,21.7,5.0,2.0,7.0,5.0,0.0,0.0,2.0,0.0,4.1,4.1,4.1,8.2,83.0,199.0,213.0,0.23,0.09,0.32,0.23,0.32,0.19,0.19,0.38,0.19,0.38,Matches,ajax
Lisandro Martínez,ar ARG,DF,23.0,24,23,1906.0,21.2,1.0,3.0,4.0,1.0,0.0,0.0,4.0,0.0,2.5,2.5,1.9,4.4,41.0,209.0,9.0,0.05,0.14,0.19,0.05,0.19,0.12,0.09,0.21,0.12,0.21,Matches,ajax
Antony,br BRA,FW,21.0,23,21,1724.0,19.2,8.0,4.0,12.0,8.0,0.0,0.0,5.0,1.0,7.1,7.1,4.5,11.6,82.0,137.0,327.0,0.42,0.21,0.63,0.42,0.63,0.37,0.24,0.6,0.37,0.6,Matches,ajax
Remko Pasveer,nl NED,GK,37.0,20,20,1800.0,20.0,0.0,0.0,0.0,0.0,0.0,0.0,0.0,0.0,0.0,0.0,0.0,0.0,0.0,1.0,0.0,0.0,0.0,0.0,0.0,0.0,0.0,0.0,0.0,0.0,0.0,Matches,ajax
Davy Klaassen,nl NED,MF,28.0,31,18,1798.0,20.0,9.0,0.0,9.0,9.0,0.0,0.0,4.0,0.0,8.5,8.5,2.2,10.7,6.0,59.0,68.0,0.45,0.0,0.45,0.45,0.45,0.42,0.11,0.53,0.42,0.53,Matches,ajax
Perr Schuurs,nl NED,DF,21.0,22,10,1047.0,11.6,0.0,1.0,1.0,0.0,0.0,0.0,0.0,0.0,0.6,0.6,1.1,1.7,17.0,78.0,3.0,0.0,0.09,0.09,0.0,0.09,0.05,0.09,0.14,0.05,0.14,Matches,ajax
Nicolás Tagliafico,ar ARG,DF,28.0,22,9,937.0,10.4,2.0,2.0,4.0,2.0,0.0,0.0,0.0,0.0,1.2,1.2,1.8,3.0,24.0,79.0,75.0,0.19,0.19,0.38,0.19,0.38,0.12,0.17,0.29,0.12,0.29,Matches,ajax
Devyne Rensch,nl NED,DF,18.0,19,8,801.0,8.9,1.0,1.0,2.0,1.0,0.0,0.0,1.0,0.0,0.2,0.2,1.7,1.9,22.0,63.0,51.0,0.11,0.11,0.22,0.11,0.22,0.02,0.2,0.22,0.02,0.22,Matches,ajax
Maarten Stekelenburg,nl NED,GK,38.0,7,7,630.0,7.0,0.0,0.0,0.0,0.0,0.0,0.0,0.0,0.0,0.0,0.0,0.0,0.0,0.0,0.0,0.0,0.0,0.0,0.0,0.0,0.0,0.0,0.0,0.0,0.0,0.0,Matches,ajax
André Onana,cm CMR,GK,25.0,6,6,540.0,6.0,0.0,0.0,0.0,0.0,0.0,0.0,0.0,0.0,0.0,0.0,0.0,0.0,0.0,1.0,0.0,0.0,0.0,0.0,0.0,0.0,0.0,0.0,0.0,0.0,0.0,Matches,ajax
Kenneth Taylor,nl NED,MF,19.0,13,5,581.0,6.5,1.0,3.0,4.0,1.0,0.0,0.0,0.0,0.0,1.0,1.0,1.3,2.3,26.0,47.0,49.0,0.15,0.46,0.62,0.15,0.62,0.16,0.2,0.36,0.16,0.36,Matches,ajax
Kudus Mohammed,gh GHA,MF,20.0,16,4,419.0,4.7,1.0,1.0,2.0,1.0,0.0,0.0,0.0,0.0,2.4,2.4,0.8,3.2,7.0,37.0,45.0,0.21,0.21,0.43,0.21,0.43,0.51,0.18,0.69,0.51,0.69,Matches,ajax
Brian Brobbey,nl NED,FW,19.0,11,4,399.0,4.4,7.0,1.0,8.0,7.0,0.0,0.0,1.0,0.0,4.5,4.5,0.7,5.2,7.0,4.0,43.0,1.58,0.23,1.8,1.58,1.8,1.02,0.17,1.18,1.02,1.18,Matches,ajax
David Neres,br BRA,FW,24.0,15,3,474.0,5.3,3.0,2.0,5.0,3.0,0.0,0.0,1.0,0.0,1.9,1.9,2.0,4.0,24.0,37.0,97.0,0.57,0.38,0.95,0.57,0.95,0.36,0.39,0.75,0.36,0.75,Matches,ajax
Youri Regeer,nl NED,DF,17.0,3,2,153.0,1.7,0.0,0.0,0.0,0.0,0.0,0.0,0.0,0.0,0.0,0.0,0.1,0.1,2.0,11.0,4.0,0.0,0.0,0.0,0.0,0.0,0.0,0.06,0.06,0.0,0.06,Matches,ajax
Danilo,br BRA,"FW,MF",22.0,13,1,283.0,3.1,2.0,1.0,3.0,2.0,0.0,0.0,0.0,0.0,3.0,3.0,1.1,4.1,2.0,12.0,21.0,0.64,0.32,0.95,0.64,0.95,0.95,0.35,1.3,0.95,1.3,Matches,ajax
Jay Gorter,nl NED,GK,21.0,1,1,90.0,1.0,0.0,0.0,0.0,0.0,0.0,0.0,0.0,0.0,0.0,0.0,0.0,0.0,0.0,0.0,0.0,0.0,0.0,0.0,0.0,0.0,0.0,0.0,0.0,0.0,0.0,Matches,ajax
Mohammed Daramy,dk DEN,"FW,MF",19.0,12,0,208.0,2.3,1.0,3.0,4.0,1.0,0.0,0.0,0.0,0.0,1.9,1.9,2.7,4.6,29.0,6.0,46.0,0.43,1.3,1.73,0.43,1.73,0.83,1.15,1.99,0.83,1.99,Matches,ajax
Liam van Gelderen,nl NED,DF,20.0,2,0,58.0,0.6,0.0,0.0,0.0,0.0,0.0,0.0,0.0,0.0,0.2,0.2,0.0,0.3,1.0,1.0,4.0,0.0,0.0,0.0,0.0,0.0,0.32,0.06,0.39,0.32,0.39,Matches,ajax
Zakaria Labyad,ma MAR,MF,28.0,2,0,27.0,0.3,0.0,0.0,0.0,0.0,0.0,0.0,0.0,0.0,0.2,0.2,0.0,0.2,0.0,1.0,1.0,0.0,0.0,0.0,0.0,0.0,0.57,0.0,0.57,0.57,0.57,Matches,ajax
Anass Salah-Eddine,nl NED,DF,19.0,1,0,27.0,0.3,0.0,0.0,0.0,0.0,0.0,0.0,0.0,0.0,0.0,0.0,0.0,0.0,1.0,5.0,0.0,0.0,0.0,0.0,0.0,0.0,0.0,0.0,0.0,0.0,0.0,Matches,ajax
Victor Jensen,dk DEN,MF,21.0,1,0,15.0,0.2,0.0,0.0,0.0,0.0,0.0,0.0,0.0,0.0,0.0,0.0,0.0,0.0,2.0,1.0,2.0,0.0,0.0,0.0,0.0,0.0,0.0,0.0,0.0,0.0,0.0,Matches,ajax
Amourrichio Van Axel Dongen,nl NED,FW,16.0,1,0,6.0,0.1,0.0,0.0,0.0,0.0,0.0,0.0,0.0,0.0,0.0,0.0,0.0,0.0,0.0,0.0,0.0,0.0,0.0,0.0,0.0,0.0,0.0,0.0,0.0,0.0,0.0,Matches,ajax
Youri Baas,nl NED,DF,18.0,0,0,,,,,,,,,,,,,,,,,,,,,,,,,,,,Matches,ajax
Jurgen Ekkelenkamp,nl NED,MF,21.0,0,0,,,,,,,,,,,,,,,,,,,,,,,,,,,,Matches,ajax
Kian Fitz-Jim,nl NED,MF,18.0,0,0,,,,,,,,,,,,,,,,,,,,,,,,,,,,Matches,ajax
Sontje Hansen,nl NED,"FW,MF",19.0,0,0,,,,,,,,,,,,,,,,,,,,,,,,,,,,Matches,ajax
Mohammed Ihattaren,nl NED,MF,19.0,0,0,,,,,,,,,,,,,,,,,,,,,,,,,,,,Matches,ajax
Enric Llansana,nl NED,"DF,MF",20.0,0,0,,,,,,,,,,,,,,,,,,,,,,,,,,,,Matches,ajax
Lisandro Magallán,ar ARG,DF,27.0,0,0,,,,,,,,,,,,,,,,,,,,,,,,,,,,Matches,ajax
Ar'jany Martha,nl NED,FW,17.0,0,0,,,,,,,,,,,,,,,,,,,,,,,,,,,,Matches,ajax
Nordin Musampa,nl NED,DF,19.0,0,0,,,,,,,,,,,,,,,,,,,,,,,,,,,,Matches,ajax
Calvin Raatsie,nl NED,GK,19.0,0,0,,,,,,,,,,,,,,,,,,,,,,,,,,,,Matches,ajax
Charlie Setford,eng ENG,GK,17.0,0,0,,,,,,,,,,,,,,,,,,,,,,,,,,,,Matches,ajax
Olivier Boscagli,fr FRA,"DF,MF",23.0,28,26,2355.0,26.2,4.0,0.0,4.0,4.0,0.0,0.0,2.0,0.0,1.4,1.4,1.1,2.5,32.0,195.0,12.0,0.15,0.0,0.15,0.15,0.15,0.05,0.04,0.1,0.05,0.1,Matches,psv eindhoven
Joel Drommel,nl NED,GK,24.0,26,26,2340.0,26.0,0.0,0.0,0.0,0.0,0.0,0.0,0.0,0.0,0.0,0.0,0.0,0.0,0.0,0.0,0.0,0.0,0.0,0.0,0.0,0.0,0.0,0.0,0.0,0.0,0.0,Matches,psv eindhoven
Mario Götze,de GER,MF,29.0,29,26,2215.0,24.6,4.0,4.0,8.0,4.0,0.0,0.0,4.0,0.0,4.6,4.6,5.9,10.5,49.0,136.0,210.0,0.16,0.16,0.33,0.16,0.33,0.19,0.24,0.43,0.19,0.43,Matches,psv eindhoven
Mauro Júnior,br BRA,DF,22.0,27,25,2112.0,23.5,2.0,4.0,6.0,2.0,0.0,0.0,3.0,0.0,2.2,2.2,4.4,6.6,72.0,119.0,122.0,0.09,0.17,0.26,0.09,0.26,0.09,0.19,0.28,0.09,0.28,Matches,psv eindhoven
Jordan Teze,nl NED,DF,21.0,29,23,2042.0,22.7,1.0,4.0,5.0,1.0,0.0,0.0,4.0,0.0,1.2,1.2,1.4,2.7,51.0,114.0,69.0,0.04,0.18,0.22,0.04,0.22,0.05,0.06,0.12,0.05,0.12,Matches,psv eindhoven
Cody Gakpo,nl NED,FW,22.0,27,22,1905.0,21.2,12.0,12.0,24.0,11.0,1.0,1.0,1.0,0.0,9.7,8.9,10.8,19.6,85.0,74.0,203.0,0.57,0.57,1.13,0.52,1.09,0.46,0.51,0.97,0.42,0.93,Matches,psv eindhoven
Philipp Max,de GER,DF,27.0,25,21,1796.0,20.0,1.0,3.0,4.0,1.0,0.0,0.0,4.0,0.0,1.7,1.7,3.3,5.0,80.0,114.0,178.0,0.05,0.15,0.2,0.05,0.2,0.09,0.16,0.25,0.09,0.25,Matches,psv eindhoven
Eran Zahavi,il ISR,FW,34.0,25,21,1516.0,16.8,11.0,7.0,18.0,11.0,0.0,0.0,0.0,0.0,10.7,10.7,4.1,14.8,20.0,49.0,111.0,0.65,0.42,1.07,0.65,1.07,0.64,0.24,0.88,0.64,0.88,Matches,psv eindhoven
Erick Gutiérrez,mx MEX,"MF,DF",26.0,25,20,1739.0,19.3,1.0,2.0,3.0,1.0,0.0,0.0,3.0,0.0,1.2,1.2,0.6,1.7,14.0,132.0,11.0,0.05,0.1,0.16,0.05,0.16,0.06,0.03,0.09,0.06,0.09,Matches,psv eindhoven
André Ramalho,br BRA,DF,29.0,20,19,1694.0,18.8,3.0,2.0,5.0,3.0,0.0,0.0,4.0,0.0,1.5,1.5,0.6,2.1,19.0,135.0,6.0,0.16,0.11,0.27,0.16,0.27,0.08,0.03,0.11,0.08,0.11,Matches,psv eindhoven
Ritsu Doan,jp JPN,"FW,MF",23.0,24,17,1510.0,16.8,8.0,1.0,9.0,8.0,0.0,0.0,0.0,0.0,5.2,5.2,2.4,7.6,55.0,84.0,140.0,0.48,0.06,0.54,0.48,0.54,0.31,0.14,0.45,0.31,0.45,Matches,psv eindhoven
Phillipp Mwene,at AUT,DF,27.0,19,16,1411.0,15.7,3.0,1.0,4.0,3.0,0.0,0.0,0.0,0.0,1.1,1.1,1.2,2.3,39.0,53.0,98.0,0.19,0.06,0.26,0.19,0.26,0.07,0.08,0.15,0.07,0.15,Matches,psv eindhoven
Marco van Ginkel,nl NED,MF,28.0,23,13,992.0,11.0,1.0,1.0,2.0,1.0,0.0,0.0,3.0,0.0,2.2,2.2,1.1,3.3,13.0,65.0,43.0,0.09,0.09,0.18,0.09,0.18,0.2,0.1,0.3,0.2,0.3,Matches,psv eindhoven
Bruma,pt POR,"FW,MF",26.0,28,12,1269.0,14.1,7.0,3.0,10.0,7.0,0.0,0.0,1.0,0.0,6.9,6.9,4.9,11.8,64.0,75.0,172.0,0.5,0.21,0.71,0.5,0.71,0.49,0.35,0.83,0.49,0.83,Matches,psv eindhoven
Joey Veerman,nl NED,"MF,FW",22.0,15,12,1033.0,11.5,4.0,5.0,9.0,4.0,0.0,0.0,0.0,0.0,2.2,2.2,3.2,5.4,12.0,105.0,53.0,0.35,0.44,0.78,0.35,0.78,0.19,0.28,0.47,0.19,0.47,Matches,psv eindhoven
Noni Madueke,eng ENG,FW,19.0,18,11,823.0,9.1,3.0,3.0,6.0,3.0,0.0,0.0,0.0,0.0,3.8,3.8,2.0,5.8,67.0,31.0,99.0,0.33,0.33,0.66,0.33,0.66,0.42,0.21,0.63,0.42,0.63,Matches,psv eindhoven
Carlos Vinícius,br BRA,FW,26.0,23,10,1105.0,12.3,6.0,6.0,12.0,6.0,0.0,0.0,5.0,0.0,8.2,8.2,5.1,13.2,10.0,28.0,94.0,0.49,0.49,0.98,0.49,0.98,0.66,0.41,1.07,0.66,1.07,Matches,psv eindhoven
Armando Obispo,nl NED,DF,22.0,17,10,1060.0,11.8,1.0,0.0,1.0,1.0,0.0,0.0,4.0,0.0,0.5,0.5,0.3,0.8,1.0,33.0,1.0,0.08,0.0,0.08,0.08,0.08,0.04,0.02,0.07,0.04,0.07,Matches,psv eindhoven
Yvon Mvogo,ch SUI,GK,27.0,8,8,720.0,8.0,0.0,0.0,0.0,0.0,0.0,0.0,0.0,0.0,0.0,0.0,0.0,0.0,0.0,0.0,0.0,0.0,0.0,0.0,0.0,0.0,0.0,0.0,0.0,0.0,0.0,Matches,psv eindhoven
Yorbe Vertessen,be BEL,"FW,MF",20.0,24,5,797.0,8.9,6.0,3.0,9.0,6.0,0.0,0.0,0.0,0.0,3.8,3.8,1.8,5.6,38.0,17.0,63.0,0.68,0.34,1.02,0.68,1.02,0.43,0.21,0.63,0.43,0.63,Matches,psv eindhoven
Davy Pröpper,nl NED,MF,29.0,9,3,292.0,3.2,1.0,1.0,2.0,1.0,0.0,0.0,0.0,0.0,0.6,0.6,0.5,1.0,4.0,23.0,7.0,0.31,0.31,0.62,0.31,0.62,0.17,0.14,0.31,0.17,0.31,Matches,psv eindhoven
Ryan Thomas,nz NZL,"MF,FW",26.0,6,1,198.0,2.2,1.0,0.0,1.0,1.0,0.0,0.0,0.0,0.0,0.7,0.7,0.4,1.1,9.0,14.0,8.0,0.45,0.0,0.45,0.45,0.45,0.3,0.18,0.49,0.3,0.49,Matches,psv eindhoven
Maximiliano Romero,ar ARG,FW,22.0,10,1,167.0,1.9,0.0,2.0,2.0,0.0,0.0,0.0,0.0,0.0,1.3,1.3,1.5,2.8,2.0,4.0,22.0,0.0,1.08,1.08,0.0,1.08,0.69,0.83,1.52,0.69,1.52,Matches,psv eindhoven
Dennis Vos,nl NED,DF,19.0,1,0,45.0,0.5,0.0,0.0,0.0,0.0,0.0,0.0,0.0,0.0,0.0,0.0,0.0,0.0,0.0,1.0,1.0,0.0,0.0,0.0,0.0,0.0,0.0,0.0,0.0,0.0,0.0,Matches,psv eindhoven
Richy Ledezma,us USA,"MF,FW",20.0,5,0,38.0,0.4,1.0,0.0,1.0,1.0,0.0,0.0,0.0,0.0,0.7,0.7,0.0,0.8,4.0,4.0,5.0,2.37,0.0,2.37,2.37,2.37,1.71,0.11,1.83,1.71,1.83,Matches,psv eindhoven
Johan Bakayoko,be BEL,FW,18.0,3,0,34.0,0.4,0.0,0.0,0.0,0.0,0.0,0.0,0.0,0.0,0.4,0.4,0.0,0.4,1.0,3.0,5.0,0.0,0.0,0.0,0.0,0.0,0.94,0.0,0.94,0.94,0.94,Matches,psv eindhoven
Jenson Seelt,nl NED,DF,18.0,1,0,16.0,0.2,0.0,0.0,0.0,0.0,0.0,0.0,0.0,0.0,0.0,0.0,0.0,0.0,0.0,0.0,0.0,0.0,0.0,0.0,0.0,0.0,0.0,0.0,0.0,0.0,0.0,Matches,psv eindhoven
Fredrik Oppegard,no NOR,DF,18.0,1,0,14.0,0.2,0.0,0.0,0.0,0.0,0.0,0.0,0.0,0.0,0.0,0.0,0.0,0.0,0.0,1.0,0.0,0.0,0.0,0.0,0.0,0.0,0.0,0.0,0.0,0.0,0.0,Matches,psv eindhoven
Nick Viergever,nl NED,DF,31.0,1,0,6.0,0.1,0.0,0.0,0.0,0.0,0.0,0.0,0.0,0.0,0.0,0.0,0.0,0.0,0.0,0.0,0.0,0.0,0.0,0.0,0.0,0.0,0.0,0.0,0.0,0.0,0.0,Matches,psv eindhoven
Maxime Delanghe,be BEL,GK,20.0,0,0,,,,,,,,,,,,,,,,,,,,,,,,,,,,Matches,psv eindhoven
Fodé Fofana,nl NED,FW,18.0,0,0,,,,,,,,,,,,,,,,,,,,,,,,,,,,Matches,psv eindhoven
Vincent Müller,de GER,GK,20.0,0,0,,,,,,,,,,,,,,,,,,,,,,,,,,,,Matches,psv eindhoven
Ismael Saibari,ma MAR,"FW,MF",20.0,0,0,,,,,,,,,,,,,,,,,,,,,,,,,,,,Matches,psv eindhoven
Orkun Kökçü,tr TUR,MF,20.0,32,32,2624.0,29.2,7.0,9.0,16.0,5.0,2.0,3.0,5.0,0.0,6.8,4.5,10.3,14.7,93.0,346.0,108.0,0.24,0.31,0.55,0.17,0.48,0.23,0.35,0.59,0.15,0.51,Matches,feyenoord
Guus Til,nl NED,MF,23.0,32,32,2577.0,28.6,15.0,3.0,18.0,15.0,0.0,0.0,2.0,0.0,10.8,10.8,4.0,14.8,42.0,80.0,199.0,0.52,0.1,0.63,0.52,0.63,0.38,0.14,0.52,0.38,0.52,Matches,feyenoord
Marcos Senesi,ar ARG,DF,24.0,32,31,2543.0,28.3,2.0,2.0,4.0,2.0,0.0,0.0,4.0,0.0,2.5,2.5,1.9,4.5,30.0,184.0,10.0,0.07,0.07,0.14,0.07,0.14,0.09,0.07,0.16,0.09,0.16,Matches,feyenoord
Gernot Trauner,at AUT,DF,29.0,30,30,2631.0,29.2,0.0,1.0,1.0,0.0,0.0,0.0,0.0,0.0,1.6,1.6,0.7,2.3,23.0,163.0,3.0,0.0,0.03,0.03,0.0,0.03,0.05,0.02,0.08,0.05,0.08,Matches,feyenoord
Luis Sinisterra,co COL,FW,22.0,30,29,2405.0,26.7,12.0,7.0,19.0,12.0,0.0,0.0,1.0,0.0,9.6,9.6,6.7,16.3,129.0,112.0,313.0,0.45,0.26,0.71,0.45,0.71,0.36,0.25,0.61,0.36,0.61,Matches,feyenoord
Fredrik Aursnes,no NOR,MF,25.0,33,27,2488.0,27.6,1.0,4.0,5.0,1.0,0.0,0.0,6.0,0.0,1.7,1.7,3.1,4.8,47.0,233.0,38.0,0.04,0.14,0.18,0.04,0.18,0.06,0.11,0.17,0.06,0.17,Matches,feyenoord
Bryan Linssen,nl NED,FW,30.0,34,26,2156.0,24.0,13.0,8.0,21.0,13.0,0.0,0.0,3.0,0.0,11.4,11.4,4.0,15.4,29.0,51.0,136.0,0.54,0.33,0.88,0.54,0.88,0.47,0.17,0.64,0.47,0.64,Matches,feyenoord
Marcus Pedersen,no NOR,DF,21.0,30,22,1984.0,22.0,0.0,4.0,4.0,0.0,0.0,0.0,1.0,0.0,1.1,1.1,2.1,3.2,104.0,52.0,180.0,0.0,0.18,0.18,0.0,0.18,0.05,0.1,0.15,0.05,0.15,Matches,feyenoord
Justin Bijlow,nl NED,GK,23.0,22,22,1980.0,22.0,0.0,0.0,0.0,0.0,0.0,0.0,0.0,0.0,0.1,0.1,0.5,0.6,0.0,1.0,0.0,0.0,0.0,0.0,0.0,0.0,0.01,0.02,0.03,0.01,0.03,Matches,feyenoord
Jens Toornstra,nl NED,"MF,FW",32.0,31,18,1787.0,19.9,3.0,3.0,6.0,3.0,0.0,0.0,4.0,0.0,2.9,2.9,5.2,8.1,33.0,140.0,93.0,0.15,0.15,0.3,0.15,0.3,0.15,0.26,0.41,0.15,0.41,Matches,feyenoord
Lutsharel Geertruida,nl NED,DF,21.0,28,18,1718.0,19.1,3.0,0.0,3.0,3.0,0.0,0.0,3.0,0.0,3.3,3.3,1.1,4.4,24.0,86.0,49.0,0.16,0.0,0.16,0.16,0.16,0.17,0.06,0.23,0.17,0.23,Matches,feyenoord
Alireza Jahanbakhsh,ir IRN,FW,27.0,27,18,1556.0,17.3,4.0,3.0,7.0,4.0,0.0,0.0,2.0,0.0,4.5,4.5,3.1,7.6,62.0,80.0,214.0,0.23,0.17,0.4,0.23,0.4,0.26,0.18,0.44,0.26,0.44,Matches,feyenoord
Ofir Marciano,il ISR,GK,31.0,12,12,1080.0,12.0,0.0,0.0,0.0,0.0,0.0,0.0,0.0,0.0,0.0,0.0,0.0,0.0,0.0,0.0,0.0,0.0,0.0,0.0,0.0,0.0,0.0,0.0,0.0,0.0,0.0,Matches,feyenoord
Reiss Nelson,eng ENG,FW,21.0,21,10,910.0,10.1,2.0,4.0,6.0,2.0,0.0,0.0,2.0,0.0,3.2,3.2,3.6,6.8,61.0,42.0,123.0,0.2,0.4,0.59,0.2,0.59,0.32,0.35,0.67,0.32,0.67,Matches,feyenoord
Cyriel Dessers,ng NGA,FW,26.0,27,9,1079.0,12.0,9.0,2.0,11.0,8.0,1.0,1.0,0.0,0.0,8.5,7.7,1.6,9.3,21.0,11.0,111.0,0.75,0.17,0.92,0.67,0.83,0.71,0.13,0.84,0.64,0.77,Matches,feyenoord
Ramon Hendriks,nl NED,DF,20.0,8,3,244.0,2.7,0.0,0.0,0.0,0.0,0.0,0.0,1.0,0.0,0.0,0.0,0.0,0.0,0.0,3.0,3.0,0.0,0.0,0.0,0.0,0.0,0.0,0.01,0.01,0.0,0.01,Matches,feyenoord
Jorrit Hendrix,nl NED,MF,26.0,9,2,315.0,3.5,1.0,0.0,1.0,1.0,0.0,0.0,1.0,0.0,0.5,0.5,0.3,0.8,6.0,23.0,4.0,0.29,0.0,0.29,0.29,0.29,0.14,0.07,0.22,0.14,0.22,Matches,feyenoord
Patrik Wålemark,se SWE,"FW,MF",19.0,12,1,377.0,4.2,1.0,0.0,1.0,1.0,0.0,0.0,0.0,0.0,1.9,1.9,1.4,3.3,15.0,10.0,38.0,0.24,0.0,0.24,0.24,0.24,0.45,0.33,0.78,0.45,0.78,Matches,feyenoord
Cole Bassett,us USA,"MF,DF",20.0,7,0,90.0,1.0,0.0,1.0,1.0,0.0,0.0,0.0,0.0,0.0,0.1,0.1,0.3,0.4,1.0,8.0,4.0,0.0,1.0,1.0,0.0,1.0,0.07,0.31,0.38,0.07,0.38,Matches,feyenoord
Wouter Burger,nl NED,DF,20.0,1,0,77.0,0.9,0.0,0.0,0.0,0.0,0.0,0.0,1.0,0.0,0.0,0.0,0.0,0.0,0.0,9.0,0.0,0.0,0.0,0.0,0.0,0.0,0.04,0.0,0.04,0.04,0.04,Matches,feyenoord
Philippe Sandler,nl NED,DF,24.0,2,0,53.0,0.6,0.0,0.0,0.0,0.0,0.0,0.0,0.0,0.0,0.2,0.2,0.0,0.2,1.0,4.0,0.0,0.0,0.0,0.0,0.0,0.0,0.26,0.0,0.26,0.26,0.26,Matches,feyenoord
Denzel Hall,nl NED,DF,20.0,2,0,52.0,0.6,0.0,0.0,0.0,0.0,0.0,0.0,0.0,0.0,0.0,0.0,0.1,0.1,2.0,1.0,2.0,0.0,0.0,0.0,0.0,0.0,0.0,0.17,0.17,0.0,0.17,Matches,feyenoord
Róbert Boženík,sk SVK,FW,21.0,1,0,19.0,0.2,0.0,0.0,0.0,0.0,0.0,0.0,0.0,0.0,0.0,0.0,0.0,0.0,0.0,0.0,1.0,0.0,0.0,0.0,0.0,0.0,0.0,0.0,0.0,0.0,0.0,Matches,feyenoord
Ridgeciano Haps,sr SUR,FW,28.0,1,0,19.0,0.2,0.0,1.0,1.0,0.0,0.0,0.0,0.0,0.0,0.0,0.0,0.8,0.8,0.0,0.0,2.0,0.0,4.74,4.74,0.0,4.74,0.22,3.6,3.82,0.22,3.82,Matches,feyenoord
Naoufal Bannis,nl NED,"MF,FW",19.0,2,0,16.0,0.2,1.0,0.0,1.0,1.0,0.0,0.0,0.0,0.0,0.8,0.8,0.3,1.1,1.0,1.0,0.0,5.63,0.0,5.63,5.63,5.63,4.57,1.89,6.46,4.57,6.46,Matches,feyenoord
Mark Diemers,nl NED,"MF,FW",27.0,2,0,14.0,0.2,0.0,1.0,1.0,0.0,0.0,0.0,0.0,0.0,0.0,0.0,0.2,0.3,0.0,0.0,3.0,0.0,6.43,6.43,0.0,6.43,0.2,1.46,1.66,0.2,1.66,Matches,feyenoord
Aliou Badara Baldé,sn SEN,FW,18.0,1,0,10.0,0.1,0.0,0.0,0.0,0.0,0.0,0.0,0.0,0.0,0.0,0.0,0.0,0.0,0.0,0.0,0.0,0.0,0.0,0.0,0.0,0.0,0.31,0.0,0.31,0.31,0.31,Matches,feyenoord
João Carlos Teixeira,pt POR,MF,28.0,1,0,9.0,0.1,0.0,0.0,0.0,0.0,0.0,0.0,0.0,0.0,0.2,0.2,0.0,0.2,0.0,1.0,1.0,0.0,0.0,0.0,0.0,0.0,1.66,0.0,1.66,1.66,1.66,Matches,feyenoord
Karim Dermane,tg TOG,MF,17.0,1,0,8.0,0.1,0.0,0.0,0.0,0.0,0.0,0.0,0.0,0.0,0.0,0.0,0.0,0.0,2.0,0.0,0.0,0.0,0.0,0.0,0.0,0.0,0.0,0.0,0.0,0.0,0.0,Matches,feyenoord
Leroy Fer,nl NED,MF,31.0,1,0,7.0,0.1,0.0,0.0,0.0,0.0,0.0,0.0,0.0,0.0,0.0,0.0,0.0,0.0,0.0,2.0,0.0,0.0,0.0,0.0,0.0,0.0,0.0,0.0,0.0,0.0,0.0,Matches,feyenoord
Francesco Antonucci,be BEL,MF,22.0,0,0,,,,,,,,,,,,,,,,,,,,,,,,,,,,Matches,feyenoord
Mimeirhel Benita,nl NED,FW,17.0,0,0,,,,,,,,,,,,,,,,,,,,,,,,,,,,Matches,feyenoord
Valentin Cojocaru,ro ROU,GK,25.0,0,0,,,,,,,,,,,,,,,,,,,,,,,,,,,,Matches,feyenoord
Lennard Hartjes,nl NED,MF,18.0,0,0,,,,,,,,,,,,,,,,,,,,,,,,,,,,Matches,feyenoord
Thijs Jansen,nl NED,GK,19.0,0,0,,,,,,,,,,,,,,,,,,,,,,,,,,,,Matches,feyenoord
Delano Ladan,nl NED,FW,21.0,0,0,,,,,,,,,,,,,,,,,,,,,,,,,,,,Matches,feyenoord
Antoni Milambo,nl NED,MF,13.0,0,0,,,,,,,,,,,,,,,,,,,,,,,,,,,,Matches,feyenoord
Tein Troost,nl NED,GK,19.0,0,0,,,,,,,,,,,,,,,,,,,,,,,,,,,,Matches,feyenoord
Robin Pröpper,nl NED,DF,27.0,33,32,2849.0,31.7,5.0,2.0,7.0,5.0,0.0,0.0,4.0,0.0,2.6,2.6,1.6,4.2,17.0,155.0,7.0,0.16,0.06,0.22,0.16,0.22,0.08,0.05,0.13,0.08,0.13,Matches,twente
Ramiz Zerrouki,dz ALG,MF,23.0,32,31,2598.0,28.9,2.0,1.0,3.0,2.0,0.0,0.0,10.0,1.0,1.2,1.2,1.9,3.1,25.0,156.0,51.0,0.07,0.03,0.1,0.07,0.1,0.04,0.07,0.11,0.04,0.11,Matches,twente
Ricky van Wolfswinkel,nl NED,FW,32.0,32,31,2560.0,28.4,16.0,8.0,24.0,11.0,5.0,6.0,6.0,0.0,15.2,10.5,5.1,15.6,14.0,59.0,118.0,0.56,0.28,0.84,0.39,0.67,0.54,0.18,0.71,0.37,0.55,Matches,twente
Michel Vlap,nl NED,MF,24.0,34,31,2428.0,27.0,5.0,2.0,7.0,5.0,0.0,0.0,2.0,0.0,7.4,7.3,4.7,12.0,34.0,113.0,115.0,0.19,0.07,0.26,0.19,0.26,0.27,0.17,0.45,0.27,0.44,Matches,twente
Michal Sadílek,cz CZE,"MF,DF",22.0,30,29,2582.0,28.7,1.0,2.0,3.0,1.0,0.0,0.0,6.0,1.0,1.2,1.1,3.6,4.7,43.0,175.0,61.0,0.03,0.07,0.1,0.03,0.1,0.04,0.13,0.17,0.04,0.16,Matches,twente
Dimitris Limnios,gr GRE,FW,23.0,33,26,2177.0,24.2,8.0,2.0,10.0,8.0,0.0,0.0,2.0,0.0,6.7,6.7,3.3,10.0,63.0,52.0,229.0,0.33,0.08,0.41,0.33,0.41,0.28,0.14,0.41,0.28,0.41,Matches,twente
Daan Rots,nl NED,FW,20.0,27,23,1706.0,19.0,3.0,3.0,6.0,3.0,0.0,0.0,2.0,0.0,3.4,2.8,3.5,6.3,41.0,47.0,116.0,0.16,0.16,0.32,0.16,0.32,0.18,0.19,0.36,0.15,0.33,Matches,twente
Gijs Smal,nl NED,DF,23.0,25,21,1869.0,20.8,2.0,2.0,4.0,2.0,0.0,0.0,1.0,0.0,1.3,1.3,3.3,4.6,41.0,114.0,80.0,0.1,0.1,0.19,0.1,0.19,0.06,0.16,0.22,0.06,0.22,Matches,twente
Mees Hilgers,nl NED,DF,20.0,24,20,1822.0,20.2,1.0,1.0,2.0,1.0,0.0,0.0,1.0,0.0,0.7,0.7,0.2,1.0,17.0,62.0,7.0,0.05,0.05,0.1,0.05,0.1,0.04,0.01,0.05,0.04,0.05,Matches,twente
Giovanni Troupée,cw CUW,DF,23.0,21,20,1701.0,18.9,0.0,1.0,1.0,0.0,0.0,0.0,1.0,0.0,0.4,0.4,0.6,1.0,15.0,45.0,45.0,0.0,0.05,0.05,0.0,0.05,0.02,0.03,0.05,0.02,0.05,Matches,twente
Julio Pleguezuelo,es ESP,DF,24.0,23,13,1334.0,14.8,0.0,1.0,1.0,0.0,0.0,0.0,3.0,0.0,1.3,1.3,0.5,1.9,10.0,35.0,4.0,0.0,0.07,0.07,0.0,0.07,0.09,0.04,0.13,0.09,0.13,Matches,twente
Virgil Misidjan,nl NED,FW,28.0,27,11,1137.0,12.6,3.0,3.0,6.0,3.0,0.0,0.0,0.0,0.0,3.2,3.2,2.7,6.0,64.0,41.0,151.0,0.24,0.24,0.47,0.24,0.47,0.25,0.22,0.47,0.25,0.47,Matches,twente
Joshua Brenet,nl NED,DF,27.0,13,11,1001.0,11.1,2.0,1.0,3.0,2.0,0.0,0.0,4.0,0.0,3.1,3.1,1.0,4.0,37.0,47.0,68.0,0.18,0.09,0.27,0.18,0.27,0.28,0.09,0.36,0.28,0.36,Matches,twente
Jayden Oosterwolde,nl NED,DF,20.0,14,10,903.0,10.0,0.0,0.0,0.0,0.0,0.0,0.0,2.0,0.0,0.4,0.4,0.5,0.8,24.0,39.0,25.0,0.0,0.0,0.0,0.0,0.0,0.04,0.05,0.08,0.04,0.08,Matches,twente
Jesse Bosch,nl NED,MF,21.0,26,7,877.0,9.7,1.0,0.0,1.0,1.0,0.0,0.0,0.0,0.0,1.3,1.3,1.2,2.4,11.0,22.0,23.0,0.1,0.0,0.1,0.1,0.1,0.13,0.12,0.25,0.13,0.25,Matches,twente
Wout Brama,nl NED,MF,34.0,9,7,641.0,7.1,0.0,0.0,0.0,0.0,0.0,0.0,1.0,0.0,0.1,0.1,0.1,0.2,4.0,39.0,1.0,0.0,0.0,0.0,0.0,0.0,0.02,0.01,0.03,0.02,0.03,Matches,twente
Manfred Ugalde,cr CRC,"FW,MF",19.0,25,4,649.0,7.2,3.0,2.0,5.0,3.0,0.0,0.0,2.0,0.0,3.3,3.3,1.2,4.5,12.0,12.0,34.0,0.42,0.28,0.69,0.42,0.69,0.45,0.17,0.62,0.45,0.62,Matches,twente
Václav Černý,cz CZE,FW,23.0,18,3,543.0,6.0,1.0,1.0,2.0,1.0,0.0,0.0,1.0,0.0,1.2,1.2,1.3,2.5,11.0,27.0,62.0,0.17,0.17,0.33,0.17,0.33,0.2,0.21,0.41,0.2,0.41,Matches,twente
Queensy Menig,nl NED,FW,25.0,3,3,270.0,3.0,0.0,1.0,1.0,0.0,0.0,0.0,2.0,0.0,0.8,0.8,0.7,1.5,11.0,3.0,25.0,0.0,0.33,0.33,0.0,0.33,0.27,0.23,0.5,0.27,0.5,Matches,twente
Luka Ilić,rs SRB,"MF,FW",22.0,5,3,236.0,2.6,0.0,0.0,0.0,0.0,0.0,0.0,2.0,1.0,0.1,0.1,0.1,0.3,3.0,14.0,8.0,0.0,0.0,0.0,0.0,0.0,0.05,0.05,0.1,0.05,0.1,Matches,twente
Jeffrey De Lange,nl NED,GK,23.0,2,2,180.0,2.0,0.0,0.0,0.0,0.0,0.0,0.0,0.0,0.0,0.0,0.0,0.0,0.0,0.0,0.0,0.0,0.0,0.0,0.0,0.0,0.0,0.0,0.0,0.0,0.0,0.0,Matches,twente
Luca Everink,nl NED,DF,20.0,4,2,161.0,1.8,0.0,0.0,0.0,0.0,0.0,0.0,1.0,0.0,0.1,0.0,0.1,0.1,3.0,4.0,5.0,0.0,0.0,0.0,0.0,0.0,0.04,0.05,0.08,0.01,0.06,Matches,twente
Max Bruns,nl NED,DF,18.0,3,1,104.0,1.2,0.0,0.0,0.0,0.0,0.0,0.0,1.0,0.0,0.0,0.0,0.0,0.0,0.0,0.0,0.0,0.0,0.0,0.0,0.0,0.0,0.0,0.0,0.0,0.0,0.0,Matches,twente
Casper Staring,nl NED,MF,20.0,3,1,98.0,1.1,0.0,0.0,0.0,0.0,0.0,0.0,0.0,0.0,0.0,0.0,0.1,0.2,0.0,6.0,0.0,0.0,0.0,0.0,0.0,0.0,0.02,0.13,0.15,0.02,0.15,Matches,twente
Denilho Cleonise,nl NED,"FW,MF",19.0,18,0,190.0,2.1,0.0,0.0,0.0,0.0,0.0,0.0,0.0,0.0,0.8,0.8,0.3,1.1,12.0,3.0,19.0,0.0,0.0,0.0,0.0,0.0,0.4,0.14,0.54,0.4,0.54,Matches,twente
Dario Đumić,ba BIH,"DF,MF",29.0,4,0,22.0,0.2,0.0,0.0,0.0,0.0,0.0,0.0,0.0,0.0,0.0,0.0,0.0,0.0,0.0,0.0,0.0,0.0,0.0,0.0,0.0,0.0,0.0,0.0,0.0,0.0,0.0,Matches,twente
Kik Pierie,nl NED,"DF,MF",21.0,3,0,20.0,0.2,0.0,0.0,0.0,0.0,0.0,0.0,0.0,0.0,0.0,0.0,0.0,0.0,0.0,3.0,0.0,0.0,0.0,0.0,0.0,0.0,0.0,0.0,0.0,0.0,0.0,Matches,twente
Ennio van der Gouw,nl NED,GK,20.0,0,0,,,,,,,,,,,,,,,,,,,,,,,,,,,,Matches,twente
Sam Karssies,nl NED,GK,18.0,0,0,,,,,,,,,,,,,,,,,,,,,,,,,,,,Matches,twente
Thijs van Leeuwen,nl NED,MF,20.0,0,0,,,,,,,,,,,,,,,,,,,,,,,,,,,,Matches,twente
Jahnoah Markelo,nl NED,FW,18.0,0,0,,,,,,,,,,,,,,,,,,,,,,,,,,,,Matches,twente
Dani de Wit,nl NED,"MF,FW",23.0,33,33,2837.0,31.5,8.0,4.0,12.0,8.0,0.0,0.0,4.0,0.0,8.5,8.5,3.7,12.2,24.0,84.0,148.0,0.25,0.13,0.38,0.25,0.38,0.27,0.12,0.39,0.27,0.39,Matches,az alkmaar
Peter Vindahl Jensen,dk DEN,GK,23.0,32,32,2880.0,32.0,0.0,0.0,0.0,0.0,0.0,0.0,1.0,0.0,0.0,0.0,0.0,0.0,0.0,0.0,0.0,0.0,0.0,0.0,0.0,0.0,0.0,0.0,0.0,0.0,0.0,Matches,az alkmaar
Vangelis Pavlidis,gr GRE,FW,22.0,33,32,2495.0,27.7,16.0,5.0,21.0,16.0,0.0,0.0,6.0,0.0,15.1,15.1,3.6,18.7,34.0,55.0,192.0,0.58,0.18,0.76,0.58,0.76,0.55,0.13,0.67,0.55,0.67,Matches,az alkmaar
Bruno Martins Indi,nl NED,DF,29.0,31,31,2770.0,30.8,2.0,1.0,3.0,2.0,0.0,0.0,4.0,0.0,1.5,1.5,0.7,2.2,26.0,172.0,2.0,0.06,0.03,0.1,0.06,0.1,0.05,0.02,0.07,0.05,0.07,Matches,az alkmaar
Owen Wijndal,nl NED,DF,21.0,31,31,2683.0,29.8,1.0,10.0,11.0,1.0,0.0,0.0,7.0,0.0,1.8,1.8,5.4,7.2,80.0,143.0,221.0,0.03,0.34,0.37,0.03,0.37,0.06,0.18,0.24,0.06,0.24,Matches,az alkmaar
Yukinari Sugawara,jp JPN,"DF,FW",21.0,33,29,2635.0,29.3,1.0,3.0,4.0,1.0,0.0,0.0,3.0,0.0,0.9,0.9,4.4,5.4,62.0,136.0,174.0,0.03,0.1,0.14,0.03,0.14,0.03,0.15,0.18,0.03,0.18,Matches,az alkmaar
Jordy Clasie,nl NED,MF,30.0,30,28,2410.0,26.8,1.0,0.0,1.0,1.0,0.0,0.0,5.0,1.0,0.8,0.8,1.3,2.1,28.0,209.0,40.0,0.04,0.0,0.04,0.04,0.04,0.03,0.05,0.08,0.03,0.08,Matches,az alkmaar
Fredrik Midtsjø,no NOR,MF,27.0,29,28,2296.0,25.5,0.0,5.0,5.0,0.0,0.0,0.0,5.0,0.0,0.5,0.5,3.4,3.9,59.0,185.0,56.0,0.0,0.2,0.2,0.0,0.2,0.02,0.13,0.15,0.02,0.15,Matches,az alkmaar
Pantelis Hatzidiakos,gr GRE,DF,24.0,28,25,2102.0,23.4,0.0,0.0,0.0,0.0,0.0,0.0,6.0,0.0,0.4,0.4,0.3,0.7,19.0,121.0,4.0,0.0,0.0,0.0,0.0,0.0,0.02,0.01,0.03,0.02,0.03,Matches,az alkmaar
Aslak Witry,no NOR,DF,25.0,28,17,1394.0,15.5,1.0,1.0,2.0,1.0,0.0,0.0,0.0,0.0,0.4,0.4,1.0,1.4,23.0,73.0,62.0,0.06,0.06,0.13,0.06,0.13,0.03,0.06,0.09,0.03,0.09,Matches,az alkmaar
Albert Guðmundsson,is ISL,FW,24.0,19,12,1090.0,12.1,4.0,1.0,5.0,3.0,1.0,2.0,4.0,0.0,3.5,2.0,2.5,4.4,32.0,58.0,98.0,0.33,0.08,0.41,0.25,0.33,0.29,0.2,0.5,0.16,0.37,Matches,az alkmaar
Tijjani Reijnders,nl NED,MF,23.0,33,11,1305.0,14.5,4.0,2.0,6.0,4.0,0.0,0.0,1.0,0.0,2.1,2.1,2.5,4.6,37.0,98.0,41.0,0.28,0.14,0.41,0.28,0.41,0.14,0.17,0.32,0.14,0.32,Matches,az alkmaar
Håkon Evjen,no NOR,"FW,MF",21.0,20,9,909.0,10.1,2.0,1.0,3.0,2.0,0.0,0.0,0.0,0.0,2.2,2.2,1.2,3.4,26.0,34.0,81.0,0.2,0.1,0.3,0.2,0.3,0.22,0.12,0.34,0.22,0.34,Matches,az alkmaar
Sam Beukema,nl NED,DF,22.0,24,8,994.0,11.0,3.0,1.0,4.0,3.0,0.0,0.0,0.0,0.0,2.7,2.7,0.4,3.1,6.0,41.0,2.0,0.27,0.09,0.36,0.27,0.36,0.24,0.04,0.28,0.24,0.28,Matches,az alkmaar
Zakaria Aboukhlal,ma MAR,"FW,MF",21.0,31,5,815.0,9.1,4.0,1.0,5.0,4.0,0.0,0.0,1.0,0.0,4.6,4.6,1.0,5.5,27.0,27.0,106.0,0.44,0.11,0.55,0.44,0.55,0.5,0.11,0.61,0.5,0.61,Matches,az alkmaar
Timo Letschert,nl NED,DF,28.0,4,4,287.0,3.2,0.0,0.0,0.0,0.0,0.0,0.0,1.0,0.0,0.1,0.1,0.0,0.1,5.0,23.0,1.0,0.0,0.0,0.0,0.0,0.0,0.02,0.0,0.02,0.02,0.02,Matches,az alkmaar
Hobie Verhulst,nl NED,GK,28.0,2,2,180.0,2.0,0.0,0.0,0.0,0.0,0.0,0.0,0.0,0.0,0.0,0.0,0.0,0.0,0.0,0.0,0.0,0.0,0.0,0.0,0.0,0.0,0.0,0.0,0.0,0.0,0.0,Matches,az alkmaar
Thijs Oosting,nl NED,"DF,FW",21.0,3,1,132.0,1.5,0.0,0.0,0.0,0.0,0.0,0.0,0.0,0.0,0.2,0.2,0.1,0.2,6.0,10.0,14.0,0.0,0.0,0.0,0.0,0.0,0.12,0.05,0.16,0.12,0.16,Matches,az alkmaar
Teun Koopmeiners,nl NED,MF,23.0,2,1,121.0,1.3,0.0,0.0,0.0,0.0,0.0,0.0,0.0,0.0,0.0,0.0,0.4,0.4,1.0,13.0,3.0,0.0,0.0,0.0,0.0,0.0,0.02,0.3,0.33,0.02,0.33,Matches,az alkmaar
Peer Koopmeiners,nl NED,MF,21.0,3,1,72.0,0.8,0.0,0.0,0.0,0.0,0.0,0.0,1.0,0.0,0.0,0.0,0.0,0.0,0.0,3.0,0.0,0.0,0.0,0.0,0.0,0.0,0.0,0.0,0.0,0.0,0.0,Matches,az alkmaar
Kamal Sowah,gh GHA,"FW,MF",21.0,8,0,166.0,1.8,0.0,1.0,1.0,0.0,0.0,0.0,0.0,0.0,0.5,0.5,0.1,0.6,4.0,6.0,13.0,0.0,0.54,0.54,0.0,0.54,0.3,0.03,0.33,0.3,0.33,Matches,az alkmaar
Yusuf Barasi,tr TUR,FW,18.0,3,0,56.0,0.6,0.0,0.0,0.0,0.0,0.0,0.0,0.0,0.0,0.4,0.4,0.1,0.5,3.0,2.0,6.0,0.0,0.0,0.0,0.0,0.0,0.67,0.08,0.75,0.67,0.75,Matches,az alkmaar
Ernest Poku,nl NED,"FW,MF",17.0,4,0,46.0,0.5,0.0,1.0,1.0,0.0,0.0,0.0,0.0,0.0,0.0,0.0,0.4,0.4,2.0,1.0,6.0,0.0,1.96,1.96,0.0,1.96,0.0,0.7,0.7,0.0,0.7,Matches,az alkmaar
Jelle Duin,nl NED,FW,22.0,1,0,16.0,0.2,0.0,0.0,0.0,0.0,0.0,0.0,0.0,0.0,0.0,0.0,0.0,0.0,0.0,0.0,0.0,0.0,0.0,0.0,0.0,0.0,0.0,0.0,0.0,0.0,0.0,Matches,az alkmaar
Myron van Brederode,nl NED,FW,18.0,1,0,11.0,0.1,0.0,0.0,0.0,0.0,0.0,0.0,0.0,0.0,0.0,0.0,0.0,0.0,1.0,2.0,0.0,0.0,0.0,0.0,0.0,0.0,0.0,0.0,0.0,0.0,0.0,Matches,az alkmaar
Mohamed Taabouni,nl NED,FW,19.0,1,0,5.0,0.1,0.0,0.0,0.0,0.0,0.0,0.0,0.0,0.0,0.0,0.0,0.0,0.0,0.0,0.0,0.0,0.0,0.0,0.0,0.0,0.0,0.0,0.54,0.54,0.0,0.54,Matches,az alkmaar
Zico Buurmeester,nl NED,"MF,DF",19.0,1,0,1.0,0.0,0.0,0.0,0.0,0.0,0.0,0.0,0.0,0.0,0.0,0.0,0.0,0.0,0.0,0.0,0.0,0.0,0.0,0.0,0.0,0.0,0.0,0.0,0.0,0.0,0.0,Matches,az alkmaar
Jorn Berkhout,nl NED,DF,19.0,0,0,,,,,,,,,,,,,,,,,,,,,,,,,,,,Matches,az alkmaar
Maxim Dekker,nl NED,FW,17.0,0,0,,,,,,,,,,,,,,,,,,,,,,,,,,,,Matches,az alkmaar
Maxim Gullit,nl NED,DF,20.0,0,0,,,,,,,,,,,,,,,,,,,,,,,,,,,,Matches,az alkmaar
Fedde de Jong,nl NED,MF,18.0,0,0,,,,,,,,,,,,,,,,,,,,,,,,,,,,Matches,az alkmaar
Milos Kerkez,hu HUN,DF,17.0,0,0,,,,,,,,,,,,,,,,,,,,,,,,,,,,Matches,az alkmaar
Mexx Meerdink,nl NED,FW,18.0,0,0,,,,,,,,,,,,,,,,,,,,,,,,,,,,Matches,az alkmaar
Beau Reus,nl NED,GK,19.0,0,0,,,,,,,,,,,,,,,,,,,,,,,,,,,,Matches,az alkmaar
Loïs Openda,be BEL,FW,21.0,33,30,2649.0,29.4,18.0,2.0,20.0,16.0,2.0,3.0,3.0,1.0,18.2,16.5,4.2,20.7,86.0,51.0,241.0,0.61,0.07,0.68,0.54,0.61,0.62,0.14,0.76,0.56,0.7,Matches,vitesse
Eli Dasa,il ISR,"DF,MF",28.0,31,29,2623.0,29.1,0.0,5.0,5.0,0.0,0.0,0.0,1.0,0.0,0.9,0.9,5.7,6.7,87.0,132.0,162.0,0.0,0.17,0.17,0.0,0.17,0.03,0.2,0.23,0.03,0.23,Matches,vitesse
Danilho Doekhi,nl NED,DF,23.0,29,29,2604.0,28.9,3.0,0.0,3.0,3.0,0.0,0.0,4.0,1.0,2.7,2.7,1.0,3.7,34.0,111.0,18.0,0.1,0.0,0.1,0.1,0.1,0.09,0.04,0.13,0.09,0.13,Matches,vitesse
Jacob Rasmussen,dk DEN,DF,24.0,27,26,2185.0,24.3,0.0,2.0,2.0,0.0,0.0,0.0,5.0,1.0,1.2,1.2,1.2,2.4,14.0,96.0,11.0,0.0,0.08,0.08,0.0,0.08,0.05,0.05,0.1,0.05,0.1,Matches,vitesse
Maximilian Wittek,de GER,"DF,MF",25.0,25,25,2226.0,24.7,0.0,6.0,6.0,0.0,0.0,0.0,8.0,0.0,2.0,2.0,5.1,7.1,48.0,88.0,129.0,0.0,0.24,0.24,0.0,0.24,0.08,0.21,0.29,0.08,0.29,Matches,vitesse
Matúš Bero,sk SVK,MF,25.0,27,24,2179.0,24.2,1.0,1.0,2.0,0.0,1.0,1.0,12.0,1.0,3.0,2.2,1.4,3.6,19.0,86.0,95.0,0.04,0.04,0.08,0.0,0.04,0.12,0.06,0.18,0.09,0.15,Matches,vitesse
Riechedly Bazoer,nl NED,DF,24.0,26,24,1962.0,21.8,1.0,4.0,5.0,1.0,0.0,0.0,9.0,0.0,1.0,1.0,1.5,2.5,35.0,134.0,20.0,0.05,0.18,0.23,0.05,0.23,0.05,0.07,0.12,0.05,0.12,Matches,vitesse
Markus Schubert,de GER,GK,23.0,20,19,1755.0,19.5,0.0,0.0,0.0,0.0,0.0,0.0,1.0,0.0,0.0,0.0,0.0,0.0,0.0,2.0,0.0,0.0,0.0,0.0,0.0,0.0,0.0,0.0,0.0,0.0,0.0,Matches,vitesse
Nikolai Baden Frederiksen,dk DEN,FW,21.0,24,17,1304.0,14.5,7.0,1.0,8.0,7.0,0.0,0.0,2.0,0.0,4.2,4.2,1.8,6.0,10.0,18.0,59.0,0.48,0.07,0.55,0.48,0.55,0.29,0.12,0.41,0.29,0.41,Matches,vitesse
Jeroen Houwen,nl NED,GK,25.0,15,15,1305.0,14.5,0.0,0.0,0.0,0.0,0.0,0.0,0.0,0.0,0.0,0.0,0.0,0.0,0.0,0.0,0.0,0.0,0.0,0.0,0.0,0.0,0.0,0.0,0.0,0.0,0.0,Matches,vitesse
Toni Domgjoni,xk KVX,MF,22.0,19,13,1072.0,11.9,0.0,1.0,1.0,0.0,0.0,0.0,1.0,0.0,0.6,0.6,1.6,2.2,14.0,44.0,50.0,0.0,0.08,0.08,0.0,0.08,0.05,0.14,0.19,0.05,0.19,Matches,vitesse
Yann Gboho,fr FRA,"MF,FW",20.0,17,12,958.0,10.6,2.0,0.0,2.0,2.0,0.0,0.0,0.0,0.0,1.1,1.1,1.0,2.2,37.0,44.0,82.0,0.19,0.0,0.19,0.19,0.19,0.11,0.1,0.2,0.11,0.2,Matches,vitesse
Thomas Buitink,nl NED,"FW,MF",21.0,28,11,1150.0,12.8,2.0,0.0,2.0,2.0,0.0,0.0,7.0,1.0,2.9,2.9,0.8,3.7,17.0,34.0,63.0,0.16,0.0,0.16,0.16,0.16,0.23,0.06,0.29,0.23,0.29,Matches,vitesse
Tomáš Hájek,cz CZE,DF,29.0,21,10,911.0,10.1,0.0,0.0,0.0,0.0,0.0,0.0,1.0,0.0,0.4,0.4,0.4,0.8,7.0,30.0,15.0,0.0,0.0,0.0,0.0,0.0,0.04,0.04,0.08,0.04,0.08,Matches,vitesse
Daan Huisman,nl NED,"MF,FW",19.0,23,9,891.0,9.9,0.0,0.0,0.0,0.0,0.0,0.0,1.0,0.0,2.3,2.1,1.1,3.2,14.0,39.0,54.0,0.0,0.0,0.0,0.0,0.0,0.23,0.11,0.34,0.21,0.33,Matches,vitesse
Alois Oroz,hr CRO,"DF,MF",20.0,21,9,813.0,9.0,3.0,0.0,3.0,3.0,0.0,0.0,4.0,0.0,1.1,1.1,0.2,1.3,6.0,27.0,4.0,0.33,0.0,0.33,0.33,0.33,0.13,0.02,0.15,0.13,0.15,Matches,vitesse
Million Manhoef,nl NED,"DF,FW",19.0,11,9,760.0,8.4,1.0,2.0,3.0,1.0,0.0,0.0,1.0,0.0,0.8,0.8,1.5,2.3,25.0,20.0,49.0,0.12,0.24,0.36,0.12,0.36,0.1,0.18,0.27,0.1,0.27,Matches,vitesse
Adrian Grbić,at AUT,"FW,MF",24.0,14,9,754.0,8.4,0.0,0.0,0.0,0.0,0.0,0.0,0.0,1.0,1.3,1.3,0.6,1.9,1.0,9.0,32.0,0.0,0.0,0.0,0.0,0.0,0.15,0.08,0.23,0.15,0.23,Matches,vitesse
Enzo Cornelisse,nl NED,DF,18.0,13,7,834.0,9.3,0.0,0.0,0.0,0.0,0.0,0.0,0.0,0.0,0.2,0.2,0.0,0.2,9.0,33.0,4.0,0.0,0.0,0.0,0.0,0.0,0.02,0.01,0.02,0.02,0.02,Matches,vitesse
Oussama Darfalou,dz ALG,FW,27.0,12,5,537.0,6.0,1.0,2.0,3.0,1.0,0.0,0.0,1.0,0.0,2.1,2.1,0.4,2.5,9.0,12.0,46.0,0.17,0.34,0.5,0.17,0.5,0.35,0.07,0.42,0.35,0.42,Matches,vitesse
Patrick Vroegh,nl NED,MF,21.0,21,4,653.0,7.3,0.0,0.0,0.0,0.0,0.0,0.0,1.0,0.0,0.9,0.9,0.7,1.7,5.0,21.0,30.0,0.0,0.0,0.0,0.0,0.0,0.13,0.1,0.23,0.13,0.23,Matches,vitesse
Romaric Yapi,fr FRA,"DF,FW",21.0,11,3,295.0,3.3,0.0,0.0,0.0,0.0,0.0,0.0,0.0,0.0,0.0,0.0,0.1,0.1,7.0,14.0,7.0,0.0,0.0,0.0,0.0,0.0,0.0,0.02,0.02,0.0,0.02,Matches,vitesse
Oussama Tannane,ma MAR,"MF,FW",27.0,4,2,207.0,2.3,0.0,0.0,0.0,0.0,0.0,0.0,2.0,0.0,0.4,0.4,0.6,0.9,10.0,17.0,11.0,0.0,0.0,0.0,0.0,0.0,0.16,0.24,0.4,0.16,0.4,Matches,vitesse
Gyan de Regt,nl NED,DF,18.0,1,1,36.0,0.4,0.0,0.0,0.0,0.0,0.0,0.0,0.0,0.0,0.1,0.1,0.0,0.1,0.0,1.0,1.0,0.0,0.0,0.0,0.0,0.0,0.2,0.0,0.2,0.2,0.2,Matches,vitesse
Julian von Moos,ch SUI,"FW,DF",20.0,5,0,118.0,1.3,0.0,1.0,1.0,0.0,0.0,0.0,0.0,0.0,0.2,0.2,0.2,0.4,4.0,5.0,14.0,0.0,0.76,0.76,0.0,0.76,0.13,0.18,0.31,0.13,0.31,Matches,vitesse
Hilary Gong,ng NGA,"DF,FW",22.0,2,0,62.0,0.7,0.0,0.0,0.0,0.0,0.0,0.0,0.0,0.0,0.2,0.2,0.1,0.3,3.0,1.0,5.0,0.0,0.0,0.0,0.0,0.0,0.26,0.13,0.4,0.26,0.4,Matches,vitesse
Simon Van Duivenbooden,nl NED,MF,19.0,2,0,26.0,0.3,0.0,0.0,0.0,0.0,0.0,0.0,0.0,0.0,0.0,0.0,0.0,0.0,0.0,0.0,2.0,0.0,0.0,0.0,0.0,0.0,0.0,0.0,0.0,0.0,0.0,Matches,vitesse
Miliano Jonathans,nl NED,FW,17.0,1,0,7.0,0.1,0.0,0.0,0.0,0.0,0.0,0.0,0.0,0.0,0.0,0.0,0.0,0.0,0.0,0.0,1.0,0.0,0.0,0.0,0.0,0.0,0.0,0.0,0.0,0.0,0.0,Matches,vitesse
Enrico Dueñas,sv SLV,FW,20.0,0,0,,,,,,,,,,,,,,,,,,,,,,,,,,,,Matches,vitesse
Nigel van Haveren,nl NED,GK,17.0,0,0,,,,,,,,,,,,,,,,,,,,,,,,,,,,Matches,vitesse
Daan Reiziger,nl NED,GK,20.0,0,0,,,,,,,,,,,,,,,,,,,,,,,,,,,,Matches,vitesse
Marcus Steffen,nl NED,"MF,FW",18.0,0,0,,,,,,,,,,,,,,,,,,,,,,,,,,,,Matches,vitesse
Eric Verstappen,nl NED,GK,27.0,0,0,,,,,,,,,,,,,,,,,,,,,,,,,,,,Matches,vitesse
Mike van der Hoorn,nl NED,DF,28.0,31,30,2571.0,28.6,2.0,2.0,4.0,2.0,0.0,0.0,2.0,0.0,3.9,3.9,1.6,5.5,8.0,98.0,10.0,0.07,0.07,0.14,0.07,0.14,0.14,0.06,0.19,0.14,0.19,Matches,utrecht
Quinten Timber,nl NED,MF,20.0,31,29,2351.0,26.1,2.0,3.0,5.0,2.0,0.0,0.0,4.0,0.0,3.3,3.3,2.0,5.3,58.0,126.0,78.0,0.08,0.11,0.19,0.08,0.19,0.13,0.08,0.2,0.13,0.2,Matches,utrecht
Anastasios Douvikas,gr GRE,FW,21.0,34,28,2372.0,26.4,9.0,3.0,12.0,7.0,2.0,2.0,1.0,0.0,13.6,12.0,3.8,15.8,47.0,32.0,178.0,0.34,0.11,0.46,0.27,0.38,0.51,0.15,0.66,0.45,0.6,Matches,utrecht
Mark van der Maarel,nl NED,DF,31.0,26,23,2046.0,22.7,1.0,1.0,2.0,1.0,0.0,0.0,10.0,0.0,1.0,1.0,0.7,1.6,14.0,120.0,35.0,0.04,0.04,0.09,0.04,0.09,0.04,0.03,0.07,0.04,0.07,Matches,utrecht
Bart Ramselaar,nl NED,"MF,FW",25.0,26,23,2000.0,22.2,9.0,0.0,9.0,8.0,1.0,1.0,0.0,0.0,6.3,5.5,3.0,8.5,58.0,108.0,101.0,0.41,0.0,0.41,0.36,0.36,0.28,0.13,0.42,0.25,0.38,Matches,utrecht
Willem Janssen,nl NED,DF,35.0,25,22,1933.0,21.5,2.0,0.0,2.0,2.0,0.0,0.0,6.0,0.0,3.2,3.2,0.6,3.8,2.0,83.0,3.0,0.09,0.0,0.09,0.09,0.09,0.15,0.03,0.18,0.15,0.18,Matches,utrecht
Django Warmerdam,nl NED,DF,25.0,26,21,1925.0,21.4,1.0,2.0,3.0,1.0,0.0,0.0,3.0,0.0,1.0,1.0,1.4,2.4,33.0,61.0,91.0,0.05,0.09,0.14,0.05,0.14,0.05,0.06,0.11,0.05,0.11,Matches,utrecht
Hidde ter Avest,nl NED,DF,24.0,26,21,1839.0,20.4,1.0,2.0,3.0,1.0,0.0,0.0,3.0,0.0,1.4,1.4,2.4,3.8,22.0,97.0,81.0,0.05,0.1,0.15,0.05,0.15,0.07,0.12,0.19,0.07,0.19,Matches,utrecht
Maarten Paes,nl NED,GK,23.0,17,17,1530.0,17.0,0.0,0.0,0.0,0.0,0.0,0.0,2.0,0.0,0.0,0.0,0.0,0.0,0.0,0.0,0.0,0.0,0.0,0.0,0.0,0.0,0.0,0.0,0.0,0.0,0.0,Matches,utrecht
Simon Gustafson,se SWE,"MF,FW",26.0,20,16,1346.0,15.0,3.0,2.0,5.0,1.0,2.0,3.0,1.0,0.0,4.0,1.6,2.3,4.0,34.0,89.0,83.0,0.2,0.13,0.33,0.07,0.2,0.27,0.16,0.42,0.11,0.26,Matches,utrecht
Sander van de Streek,nl NED,"MF,FW",28.0,28,15,1554.0,17.3,4.0,1.0,5.0,4.0,0.0,0.0,3.0,0.0,5.2,5.2,3.6,8.8,14.0,60.0,86.0,0.23,0.06,0.29,0.23,0.29,0.3,0.21,0.51,0.3,0.51,Matches,utrecht
Moussa Sylla,fr FRA,FW,21.0,25,14,1374.0,15.3,6.0,3.0,9.0,6.0,0.0,0.0,2.0,0.0,4.0,4.0,3.2,7.3,39.0,30.0,170.0,0.39,0.2,0.59,0.39,0.59,0.27,0.21,0.48,0.27,0.48,Matches,utrecht
Othman Boussaid,be BEL,"FW,MF",21.0,22,14,1242.0,13.8,0.0,5.0,5.0,0.0,0.0,0.0,1.0,0.0,2.3,2.3,4.8,7.1,36.0,64.0,101.0,0.0,0.36,0.36,0.0,0.36,0.17,0.35,0.51,0.17,0.51,Matches,utrecht
Fabian de Keijzer,nl NED,GK,21.0,14,14,1214.0,13.5,0.0,0.0,0.0,0.0,0.0,0.0,1.0,0.0,0.0,0.0,0.0,0.0,0.0,0.0,0.0,0.0,0.0,0.0,0.0,0.0,0.0,0.0,0.0,0.0,0.0,Matches,utrecht
Djevencio van der Kust,nl NED,DF,20.0,12,11,963.0,10.7,0.0,0.0,0.0,0.0,0.0,0.0,0.0,0.0,0.5,0.5,1.1,1.6,17.0,35.0,44.0,0.0,0.0,0.0,0.0,0.0,0.04,0.1,0.15,0.04,0.15,Matches,utrecht
Joris van Overeem,nl NED,MF,27.0,23,10,1053.0,11.7,1.0,1.0,2.0,1.0,0.0,0.0,2.0,0.0,0.7,0.7,2.1,2.8,7.0,92.0,35.0,0.09,0.09,0.17,0.09,0.17,0.06,0.18,0.24,0.06,0.24,Matches,utrecht
Mimoun Mahi,ma MAR,"FW,MF",27.0,21,7,870.0,9.7,4.0,4.0,8.0,4.0,0.0,0.0,0.0,0.0,4.8,4.8,3.3,8.1,36.0,28.0,117.0,0.41,0.41,0.83,0.41,0.83,0.5,0.34,0.84,0.5,0.84,Matches,utrecht
Remco Balk,nl NED,"FW,MF",20.0,17,5,446.0,5.0,0.0,1.0,1.0,0.0,0.0,0.0,0.0,0.0,1.5,1.5,1.3,2.8,7.0,7.0,41.0,0.0,0.2,0.2,0.0,0.2,0.3,0.27,0.56,0.3,0.56,Matches,utrecht
Arthur Zagre,fr FRA,"DF,FW",19.0,8,4,414.0,4.6,1.0,0.0,1.0,1.0,0.0,0.0,0.0,0.0,0.0,0.0,0.4,0.4,17.0,29.0,29.0,0.22,0.0,0.22,0.22,0.22,0.0,0.09,0.09,0.0,0.09,Matches,utrecht
Henk Veerman,nl NED,"FW,MF",28.0,8,4,413.0,4.6,1.0,0.0,1.0,1.0,0.0,0.0,0.0,0.0,2.9,2.9,0.1,2.9,0.0,11.0,23.0,0.22,0.0,0.22,0.22,0.22,0.62,0.01,0.64,0.62,0.64,Matches,utrecht
Eric Oelschlägel,de GER,GK,25.0,4,3,316.0,3.5,0.0,0.0,0.0,0.0,0.0,0.0,0.0,0.0,0.0,0.0,0.0,0.0,0.0,0.0,0.0,0.0,0.0,0.0,0.0,0.0,0.0,0.0,0.0,0.0,0.0,Matches,utrecht
Pontus Almqvist,se SWE,"FW,MF",22.0,7,2,258.0,2.9,0.0,0.0,0.0,0.0,0.0,0.0,0.0,0.0,0.9,0.9,0.1,1.0,4.0,3.0,20.0,0.0,0.0,0.0,0.0,0.0,0.31,0.05,0.36,0.31,0.36,Matches,utrecht
Adrián Dalmau,es ESP,FW,27.0,9,2,241.0,2.7,0.0,0.0,0.0,0.0,0.0,0.0,0.0,0.0,0.8,0.8,0.3,1.1,2.0,3.0,11.0,0.0,0.0,0.0,0.0,0.0,0.29,0.11,0.4,0.29,0.4,Matches,utrecht
Tommy St. Jago,nl NED,DF,21.0,3,2,198.0,2.2,0.0,0.0,0.0,0.0,0.0,0.0,0.0,0.0,0.0,0.0,0.0,0.0,1.0,9.0,1.0,0.0,0.0,0.0,0.0,0.0,0.0,0.0,0.0,0.0,0.0,Matches,utrecht
Gyrano Kerk,nl NED,FW,25.0,2,2,180.0,2.0,0.0,0.0,0.0,0.0,0.0,0.0,1.0,0.0,1.2,1.2,0.1,1.3,9.0,6.0,23.0,0.0,0.0,0.0,0.0,0.0,0.61,0.04,0.65,0.61,0.65,Matches,utrecht
Benaissa Benamar,ma MAR,DF,24.0,2,1,93.0,1.0,0.0,0.0,0.0,0.0,0.0,0.0,0.0,0.0,0.0,0.0,0.0,0.0,0.0,1.0,0.0,0.0,0.0,0.0,0.0,0.0,0.0,0.0,0.0,0.0,0.0,Matches,utrecht
Rocco Robert Shein,ee EST,MF,18.0,1,1,58.0,0.6,0.0,0.0,0.0,0.0,0.0,0.0,0.0,0.0,0.0,0.0,0.0,0.0,4.0,3.0,4.0,0.0,0.0,0.0,0.0,0.0,0.0,0.0,0.0,0.0,0.0,Matches,utrecht
Naoki Maeda,jp JPN,MF,26.0,1,1,10.0,0.1,0.0,0.0,0.0,0.0,0.0,0.0,0.0,0.0,0.0,0.0,0.0,0.0,0.0,0.0,0.0,0.0,0.0,0.0,0.0,0.0,0.0,0.0,0.0,0.0,0.0,Matches,utrecht
Mohamed Mallahi,nl NED,"FW,DF",21.0,5,0,49.0,0.5,1.0,0.0,1.0,1.0,0.0,0.0,1.0,0.0,0.1,0.1,0.3,0.3,10.0,1.0,11.0,1.84,0.0,1.84,1.84,1.84,0.11,0.5,0.61,0.11,0.61,Matches,utrecht
Sylian Mokono,nl NED,DF,22.0,1,0,19.0,0.2,0.0,1.0,1.0,0.0,0.0,0.0,0.0,0.0,0.2,0.2,0.5,0.7,0.0,1.0,1.0,0.0,4.74,4.74,0.0,4.74,0.99,2.15,3.14,0.99,3.14,Matches,utrecht
Rick Meijssen,nl NED,DF,19.0,1,0,9.0,0.1,0.0,0.0,0.0,0.0,0.0,0.0,0.0,0.0,0.0,0.0,0.0,0.0,0.0,0.0,0.0,0.0,0.0,0.0,0.0,0.0,0.0,0.0,0.0,0.0,0.0,Matches,utrecht
Mees Rijks,nl NED,MF,18.0,1,0,9.0,0.1,0.0,0.0,0.0,0.0,0.0,0.0,0.0,0.0,0.0,0.0,0.0,0.0,0.0,0.0,1.0,0.0,0.0,0.0,0.0,0.0,0.0,0.0,0.0,0.0,0.0,Matches,utrecht
Eros Maddy,nl NED,FW,20.0,1,0,5.0,0.1,0.0,0.0,0.0,0.0,0.0,0.0,0.0,0.0,0.0,0.0,0.1,0.1,3.0,0.0,6.0,0.0,0.0,0.0,0.0,0.0,0.0,1.76,1.76,0.0,1.76,Matches,utrecht
Dave Van Den Berg,nl NED,MF,21.0,1,0,4.0,0.0,0.0,0.0,0.0,0.0,0.0,0.0,0.0,0.0,0.0,0.0,0.0,0.0,1.0,0.0,1.0,0.0,0.0,0.0,0.0,0.0,0.0,0.0,0.0,0.0,0.0,Matches,utrecht
Ruben Kluivert,nl NED,DF,20.0,1,0,1.0,0.0,0.0,0.0,0.0,0.0,0.0,0.0,0.0,0.0,0.1,0.1,0.1,0.2,0.0,0.0,0.0,0.0,0.0,0.0,0.0,0.0,5.18,9.68,14.86,5.18,14.86,Matches,utrecht
Sep van der Heijden,nl NED,GK,16.0,0,0,,,,,,,,,,,,,,,,,,,,,,,,,,,,Matches,utrecht
Kevin Gadellaa,nl NED,GK,18.0,0,0,,,,,,,,,,,,,,,,,,,,,,,,,,,,Matches,utrecht
Joey Houweling,nl NED,GK,21.0,0,0,,,,,,,,,,,,,,,,,,,,,,,,,,,,Matches,utrecht
Tibor Halilović,hr CRO,"MF,FW",26.0,31,31,2579.0,28.7,4.0,2.0,6.0,4.0,0.0,0.0,2.0,0.0,5.1,5.1,3.2,8.2,52.0,120.0,96.0,0.14,0.07,0.21,0.14,0.21,0.18,0.11,0.29,0.18,0.29,Matches,heerenveen
Sven van Beek,nl NED,DF,27.0,29,29,2565.0,28.5,1.0,0.0,1.0,1.0,0.0,0.0,4.0,0.0,2.0,1.8,0.4,2.3,10.0,74.0,8.0,0.04,0.0,0.04,0.04,0.04,0.07,0.02,0.09,0.06,0.08,Matches,heerenveen
Ibrahim Drešević,xk KVX,DF,24.0,27,22,2055.0,22.8,0.0,0.0,0.0,0.0,0.0,0.0,5.0,1.0,0.3,0.3,0.9,1.1,4.0,74.0,7.0,0.0,0.0,0.0,0.0,0.0,0.01,0.04,0.05,0.01,0.05,Matches,heerenveen
Rami Kaib,tn TUN,DF,24.0,23,22,1858.0,20.6,0.0,1.0,1.0,0.0,0.0,0.0,5.0,0.0,1.0,1.0,1.4,2.4,56.0,72.0,108.0,0.0,0.05,0.05,0.0,0.05,0.05,0.07,0.12,0.05,0.12,Matches,heerenveen
Nicolas Madsen,dk DEN,MF,21.0,25,20,1672.0,18.6,0.0,1.0,1.0,0.0,0.0,0.0,2.0,0.0,0.4,0.4,1.1,1.5,32.0,82.0,23.0,0.0,0.05,0.05,0.0,0.05,0.02,0.06,0.08,0.02,0.08,Matches,heerenveen
Erwin Mulder,nl NED,GK,32.0,19,19,1665.0,18.5,0.0,0.0,0.0,0.0,0.0,0.0,1.0,0.0,0.0,0.0,0.0,0.0,0.0,0.0,0.0,0.0,0.0,0.0,0.0,0.0,0.0,0.0,0.0,0.0,0.0,Matches,heerenveen
Nick Bakker,nl NED,DF,29.0,19,18,1634.0,18.2,2.0,1.0,3.0,2.0,0.0,0.0,1.0,0.0,1.3,1.3,1.1,2.4,12.0,41.0,2.0,0.11,0.06,0.17,0.11,0.17,0.07,0.06,0.13,0.07,0.13,Matches,heerenveen
Siem de Jong,nl NED,"FW,MF",32.0,27,18,1384.0,15.4,0.0,1.0,1.0,0.0,0.0,0.0,0.0,0.0,2.3,2.3,2.6,4.9,8.0,43.0,86.0,0.0,0.07,0.07,0.0,0.07,0.15,0.17,0.32,0.15,0.32,Matches,heerenveen
Henk Veerman,nl NED,FW,28.0,20,17,1558.0,17.3,7.0,0.0,7.0,5.0,2.0,2.0,0.0,0.0,8.1,6.6,1.9,8.4,8.0,28.0,88.0,0.4,0.0,0.4,0.29,0.29,0.47,0.11,0.58,0.38,0.49,Matches,heerenveen
Joey Veerman,nl NED,MF,22.0,18,17,1519.0,16.9,3.0,6.0,9.0,3.0,0.0,0.0,1.0,0.0,0.8,0.8,4.8,5.6,22.0,153.0,35.0,0.18,0.36,0.53,0.18,0.53,0.05,0.29,0.33,0.05,0.33,Matches,heerenveen
Lucas Woudenberg,nl NED,DF,27.0,19,16,1499.0,16.7,0.0,0.0,0.0,0.0,0.0,0.0,3.0,0.0,0.3,0.3,0.2,0.5,13.0,34.0,37.0,0.0,0.0,0.0,0.0,0.0,0.02,0.01,0.03,0.02,0.03,Matches,heerenveen
Xavier Mous,nl NED,GK,25.0,16,15,1395.0,15.5,0.0,0.0,0.0,0.0,0.0,0.0,0.0,0.0,0.0,0.0,0.3,0.3,0.0,0.0,0.0,0.0,0.0,0.0,0.0,0.0,0.0,0.02,0.02,0.0,0.02,Matches,heerenveen
Anthony Musaba,nl NED,"FW,MF",20.0,29,15,1316.0,14.6,1.0,1.0,2.0,1.0,0.0,0.0,5.0,1.0,5.4,5.4,1.9,7.3,80.0,15.0,134.0,0.07,0.07,0.14,0.07,0.14,0.37,0.13,0.5,0.37,0.5,Matches,heerenveen
Thom Haye,nl NED,MF,26.0,14,14,1226.0,13.6,0.0,5.0,5.0,0.0,0.0,0.0,3.0,0.0,0.6,0.6,4.0,4.7,34.0,104.0,21.0,0.0,0.37,0.37,0.0,0.37,0.05,0.3,0.34,0.05,0.34,Matches,heerenveen
Sydney van Hooijdonk,nl NED,FW,21.0,13,13,998.0,11.1,6.0,1.0,7.0,5.0,1.0,1.0,1.0,0.0,4.4,3.7,1.2,4.9,9.0,16.0,48.0,0.54,0.09,0.63,0.45,0.54,0.4,0.1,0.5,0.33,0.44,Matches,heerenveen
Amin Sarr,se SWE,FW,20.0,13,12,1076.0,12.0,5.0,1.0,6.0,5.0,0.0,0.0,0.0,0.0,5.0,5.0,2.5,7.5,31.0,13.0,83.0,0.42,0.08,0.5,0.42,0.5,0.42,0.21,0.62,0.42,0.62,Matches,heerenveen
Anas Tahiri,be BEL,MF,26.0,16,11,993.0,11.0,1.0,1.0,2.0,1.0,0.0,0.0,0.0,0.0,0.7,0.7,1.0,1.8,18.0,51.0,22.0,0.09,0.09,0.18,0.09,0.18,0.06,0.09,0.16,0.06,0.16,Matches,heerenveen
Filip Stevanovic,rs SRB,"FW,MF",18.0,21,10,856.0,9.5,1.0,1.0,2.0,1.0,0.0,0.0,2.0,0.0,1.6,1.6,0.6,2.2,26.0,16.0,67.0,0.11,0.11,0.21,0.11,0.21,0.17,0.06,0.23,0.17,0.23,Matches,heerenveen
Rodney Kongolo,nl NED,MF,23.0,10,7,620.0,6.9,0.0,1.0,1.0,0.0,0.0,0.0,1.0,0.0,0.3,0.3,0.6,0.9,7.0,21.0,2.0,0.0,0.15,0.15,0.0,0.15,0.04,0.08,0.13,0.04,0.13,Matches,heerenveen
Arjen van der Heide,nl NED,"FW,MF",19.0,19,4,493.0,5.5,0.0,1.0,1.0,0.0,0.0,0.0,1.0,0.0,0.6,0.6,0.6,1.2,13.0,11.0,46.0,0.0,0.18,0.18,0.0,0.18,0.11,0.11,0.21,0.11,0.21,Matches,heerenveen
Benjamin Nygren,se SWE,"FW,MF",20.0,17,3,476.0,5.3,0.0,1.0,1.0,0.0,0.0,0.0,0.0,0.0,1.0,1.0,0.1,1.1,9.0,15.0,34.0,0.0,0.19,0.19,0.0,0.19,0.19,0.01,0.2,0.19,0.2,Matches,heerenveen
Rami Al Hajj,se SWE,"MF,FW",19.0,19,2,469.0,5.2,1.0,0.0,1.0,1.0,0.0,0.0,0.0,0.0,1.2,1.2,1.3,2.4,9.0,16.0,21.0,0.19,0.0,0.19,0.19,0.19,0.23,0.24,0.47,0.23,0.47,Matches,heerenveen
Syb Van Ottele,nl NED,DF,19.0,3,2,201.0,2.2,0.0,0.0,0.0,0.0,0.0,0.0,0.0,0.0,0.0,0.0,0.0,0.0,1.0,11.0,0.0,0.0,0.0,0.0,0.0,0.0,0.0,0.0,0.0,0.0,0.0,Matches,heerenveen
Joost van Aken,nl NED,DF,27.0,3,2,199.0,2.2,1.0,0.0,1.0,1.0,0.0,0.0,0.0,0.0,0.9,0.9,0.0,0.9,0.0,5.0,0.0,0.45,0.0,0.45,0.45,0.45,0.39,0.01,0.4,0.39,0.4,Matches,heerenveen
Hamdi Akujobi,nl NED,"DF,FW",21.0,5,1,142.0,1.6,0.0,0.0,0.0,0.0,0.0,0.0,0.0,0.0,0.7,0.7,0.0,0.7,7.0,3.0,12.0,0.0,0.0,0.0,0.0,0.0,0.45,0.0,0.45,0.45,0.45,Matches,heerenveen
Mitchell van Bergen,nl NED,FW,21.0,1,1,90.0,1.0,0.0,0.0,0.0,0.0,0.0,0.0,0.0,0.0,0.1,0.1,0.1,0.2,7.0,1.0,17.0,0.0,0.0,0.0,0.0,0.0,0.09,0.11,0.2,0.09,0.2,Matches,heerenveen
Djenahro Nunumete,nl NED,DF,19.0,2,0,30.0,0.3,0.0,0.0,0.0,0.0,0.0,0.0,0.0,0.0,0.0,0.0,0.0,0.0,2.0,2.0,3.0,0.0,0.0,0.0,0.0,0.0,0.0,0.0,0.0,0.0,0.0,Matches,heerenveen
Trustin van 't Loo,nl NED,MF,17.0,1,0,24.0,0.3,0.0,0.0,0.0,0.0,0.0,0.0,0.0,0.0,0.1,0.1,0.0,0.1,2.0,0.0,4.0,0.0,0.0,0.0,0.0,0.0,0.39,0.0,0.39,0.39,0.39,Matches,heerenveen
Timo Zaal,nl NED,"DF,MF",17.0,2,0,13.0,0.1,0.0,0.0,0.0,0.0,0.0,0.0,1.0,0.0,0.0,0.0,0.3,0.3,0.0,2.0,0.0,0.0,0.0,0.0,0.0,0.0,0.0,1.85,1.85,0.0,1.85,Matches,heerenveen
Jan Ras,nl NED,MF,22.0,1,0,4.0,0.0,0.0,0.0,0.0,0.0,0.0,0.0,0.0,0.0,0.0,0.0,0.0,0.0,0.0,0.0,0.0,0.0,0.0,0.0,0.0,0.0,0.0,0.0,0.0,0.0,0.0,Matches,heerenveen
Stanislav Shopov,bg BUL,MF,19.0,1,0,3.0,0.0,0.0,0.0,0.0,0.0,0.0,0.0,0.0,0.0,0.0,0.0,0.0,0.0,0.0,0.0,0.0,0.0,0.0,0.0,0.0,0.0,0.0,0.0,0.0,0.0,0.0,Matches,heerenveen
Jan Bekkema,nl NED,GK,25.0,0,0,,,,,,,,,,,,,,,,,,,,,,,,,,,,Matches,heerenveen
Marijn Dijkstra,nl NED,GK,18.0,0,0,,,,,,,,,,,,,,,,,,,,,,,,,,,,Matches,heerenveen
Robin Maulun,fr FRA,MF,24.0,31,31,2652.0,29.5,5.0,6.0,11.0,2.0,3.0,4.0,5.0,0.0,4.5,1.4,5.1,6.5,34.0,155.0,51.0,0.17,0.2,0.37,0.07,0.27,0.15,0.17,0.33,0.05,0.22,Matches,cambuur
Calvin Mac-Intosch,sr SUR,DF,31.0,32,30,2490.0,27.7,0.0,0.0,0.0,0.0,0.0,0.0,5.0,0.0,1.1,1.1,0.1,1.2,23.0,96.0,1.0,0.0,0.0,0.0,0.0,0.0,0.04,0.0,0.04,0.04,0.04,Matches,cambuur
Sonny Stevens,nl NED,GK,29.0,29,29,2601.0,28.9,0.0,0.0,0.0,0.0,0.0,0.0,0.0,0.0,0.0,0.0,0.0,0.0,0.0,0.0,0.0,0.0,0.0,0.0,0.0,0.0,0.0,0.0,0.0,0.0,0.0,Matches,cambuur
Doke Schmidt,nl NED,DF,29.0,30,29,2493.0,27.7,0.0,1.0,1.0,0.0,0.0,0.0,1.0,1.0,0.4,0.4,1.4,1.8,35.0,86.0,16.0,0.0,0.04,0.04,0.0,0.04,0.01,0.05,0.06,0.01,0.06,Matches,cambuur
Erik Schouten,nl NED,DF,29.0,29,29,2385.0,26.5,2.0,2.0,4.0,2.0,0.0,0.0,2.0,0.0,2.1,2.1,0.9,2.9,17.0,76.0,2.0,0.08,0.08,0.15,0.08,0.15,0.08,0.03,0.11,0.08,0.11,Matches,cambuur
Mees Hoedemakers,nl NED,MF,23.0,28,28,2366.0,26.3,3.0,1.0,4.0,3.0,0.0,0.0,5.0,0.0,0.9,0.9,1.3,2.2,31.0,109.0,14.0,0.11,0.04,0.15,0.11,0.15,0.03,0.05,0.08,0.03,0.08,Matches,cambuur
Alex Bangura,sl SLE,DF,22.0,27,27,2413.0,26.8,3.0,0.0,3.0,3.0,0.0,0.0,8.0,1.0,1.1,1.1,0.7,1.8,63.0,58.0,69.0,0.11,0.0,0.11,0.11,0.11,0.04,0.03,0.07,0.04,0.07,Matches,cambuur
Jamie Jacobs,nl NED,MF,23.0,30,24,1907.0,21.2,5.0,5.0,10.0,5.0,0.0,0.0,4.0,0.0,4.1,4.1,3.5,7.6,24.0,73.0,89.0,0.24,0.24,0.47,0.24,0.47,0.19,0.17,0.36,0.19,0.36,Matches,cambuur
Roberts Uldriķis,lv LVA,FW,23.0,21,18,1541.0,17.1,7.0,0.0,7.0,7.0,0.0,0.0,3.0,0.0,6.0,6.0,2.1,8.1,5.0,28.0,62.0,0.41,0.0,0.41,0.41,0.41,0.35,0.12,0.47,0.35,0.47,Matches,cambuur
Mitchell Paulissen,nl NED,"MF,FW",28.0,31,14,1384.0,15.4,3.0,3.0,6.0,3.0,0.0,0.0,5.0,0.0,0.8,0.8,2.5,3.3,22.0,50.0,30.0,0.2,0.2,0.39,0.2,0.39,0.05,0.17,0.22,0.05,0.22,Matches,cambuur
Tom Boere,nl NED,FW,28.0,22,14,1266.0,14.1,6.0,1.0,7.0,6.0,0.0,0.0,1.0,0.0,4.6,4.6,1.9,6.5,9.0,24.0,77.0,0.43,0.07,0.5,0.43,0.5,0.33,0.14,0.46,0.33,0.46,Matches,cambuur
Michael Breij,nl NED,"MF,FW",24.0,27,13,1399.0,15.5,2.0,3.0,5.0,2.0,0.0,0.0,2.0,0.0,2.1,2.1,2.1,4.2,44.0,48.0,86.0,0.13,0.19,0.32,0.13,0.32,0.13,0.14,0.27,0.13,0.27,Matches,cambuur
Patrick Joosten,nl NED,FW,25.0,15,12,965.0,10.7,2.0,3.0,5.0,2.0,0.0,0.0,1.0,0.0,1.6,1.6,2.3,4.0,20.0,23.0,68.0,0.19,0.28,0.47,0.19,0.47,0.15,0.22,0.37,0.15,0.37,Matches,cambuur
Marco Tol,nl NED,DF,23.0,27,9,1228.0,13.6,2.0,1.0,3.0,2.0,0.0,0.0,1.0,0.0,0.9,0.9,0.4,1.3,2.0,22.0,2.0,0.15,0.07,0.22,0.15,0.22,0.06,0.03,0.09,0.06,0.09,Matches,cambuur
David Sambissa,ga GAB,"MF,DF",25.0,22,8,835.0,9.3,3.0,1.0,4.0,3.0,0.0,0.0,1.0,0.0,0.5,0.5,0.7,1.2,34.0,16.0,54.0,0.32,0.11,0.43,0.32,0.43,0.05,0.08,0.13,0.05,0.13,Matches,cambuur
Nick Doodeman,nl NED,"FW,MF",24.0,15,7,586.0,6.5,0.0,3.0,3.0,0.0,0.0,0.0,0.0,0.0,0.5,0.5,2.1,2.6,15.0,6.0,61.0,0.0,0.46,0.46,0.0,0.46,0.07,0.33,0.41,0.07,0.41,Matches,cambuur
Pieter Bos,nl NED,GK,24.0,6,5,459.0,5.1,0.0,0.0,0.0,0.0,0.0,0.0,0.0,0.0,0.0,0.0,0.0,0.0,0.0,0.0,0.0,0.0,0.0,0.0,0.0,0.0,0.0,0.0,0.0,0.0,0.0,Matches,cambuur
Sékou Oumar Sylla,gn GUI,DF,22.0,5,5,375.0,4.2,1.0,0.0,1.0,1.0,0.0,0.0,3.0,1.0,0.0,0.0,0.0,0.1,3.0,12.0,15.0,0.24,0.0,0.24,0.24,0.24,0.01,0.01,0.02,0.01,0.02,Matches,cambuur
Jasper Ter Heide,nl NED,"MF,DF",22.0,16,4,477.0,5.3,0.0,0.0,0.0,0.0,0.0,0.0,1.0,0.0,0.4,0.4,0.4,0.8,5.0,15.0,5.0,0.0,0.0,0.0,0.0,0.0,0.08,0.07,0.14,0.08,0.14,Matches,cambuur
Jhondly van der Meer,ht HAI,DF,19.0,10,3,426.0,4.7,0.0,0.0,0.0,0.0,0.0,0.0,0.0,0.0,0.2,0.2,0.1,0.3,8.0,9.0,3.0,0.0,0.0,0.0,0.0,0.0,0.04,0.03,0.07,0.04,0.07,Matches,cambuur
Tamás Kiss,hu HUN,"MF,FW",20.0,11,2,268.0,3.0,1.0,0.0,1.0,1.0,0.0,0.0,1.0,0.0,0.6,0.6,0.6,1.2,6.0,11.0,23.0,0.34,0.0,0.34,0.34,0.34,0.19,0.21,0.4,0.19,0.4,Matches,cambuur
Sam Hendriks,nl NED,"FW,MF",26.0,5,1,128.0,1.4,0.0,0.0,0.0,0.0,0.0,0.0,0.0,0.0,0.1,0.1,0.0,0.1,1.0,1.0,0.0,0.0,0.0,0.0,0.0,0.0,0.06,0.0,0.06,0.06,0.06,Matches,cambuur
Maxim Gullit,nl NED,DF,20.0,7,0,114.0,1.3,0.0,0.0,0.0,0.0,0.0,0.0,1.0,0.0,0.0,0.0,0.0,0.0,0.0,2.0,0.0,0.0,0.0,0.0,0.0,0.0,0.0,0.0,0.0,0.0,0.0,Matches,cambuur
Milan Smit,nl NED,"FW,MF",18.0,4,0,64.0,0.7,1.0,0.0,1.0,1.0,0.0,0.0,0.0,0.0,0.7,0.7,0.0,0.7,1.0,0.0,3.0,1.41,0.0,1.41,1.41,1.41,0.97,0.0,0.97,0.97,0.97,Matches,cambuur
Filip Krastev,bg BUL,MF,19.0,3,0,40.0,0.4,0.0,0.0,0.0,0.0,0.0,0.0,0.0,0.0,0.1,0.1,0.0,0.1,0.0,1.0,1.0,0.0,0.0,0.0,0.0,0.0,0.2,0.0,0.2,0.2,0.2,Matches,cambuur
Thomas Rier,nl NED,"DF,FW",21.0,1,0,15.0,0.2,0.0,0.0,0.0,0.0,0.0,0.0,0.0,0.0,0.0,0.0,0.0,0.0,0.0,0.0,0.0,0.0,0.0,0.0,0.0,0.0,0.0,0.0,0.0,0.0,0.0,Matches,cambuur
Stefan Deuling,nl NED,MF,21.0,0,0,,,,,,,,,,,,,,,,,,,,,,,,,,,,Matches,cambuur
Roy van Mameren,nl NED,MF,20.0,0,0,,,,,,,,,,,,,,,,,,,,,,,,,,,,Matches,cambuur
Brett Minnema,nl NED,GK,19.0,0,0,,,,,,,,,,,,,,,,,,,,,,,,,,,,Matches,cambuur
Vurnon Anita,cw CUW,MF,32.0,32,32,2730.0,30.3,1.0,1.0,2.0,1.0,0.0,0.0,3.0,0.0,1.1,1.1,1.1,2.2,11.0,132.0,27.0,0.03,0.03,0.07,0.03,0.07,0.04,0.03,0.07,0.04,0.07,Matches,rkc waalwijk
Etienne Vaessen,nl NED,GK,26.0,31,31,2790.0,31.0,0.0,2.0,2.0,0.0,0.0,0.0,2.0,0.0,0.0,0.0,0.4,0.4,0.0,0.0,0.0,0.0,0.06,0.06,0.0,0.06,0.0,0.01,0.01,0.0,0.01,Matches,rkc waalwijk
Ahmed Touba,dz ALG,DF,23.0,28,28,2490.0,27.7,0.0,1.0,1.0,0.0,0.0,0.0,7.0,0.0,1.0,1.0,0.6,1.6,16.0,93.0,5.0,0.0,0.04,0.04,0.0,0.04,0.03,0.02,0.06,0.03,0.06,Matches,rkc waalwijk
Jens Odgaard,dk DEN,"FW,MF",22.0,30,28,2468.0,27.4,8.0,6.0,14.0,8.0,0.0,1.0,3.0,0.0,9.4,8.6,4.6,13.2,80.0,74.0,199.0,0.29,0.22,0.51,0.29,0.51,0.34,0.17,0.51,0.31,0.48,Matches,rkc waalwijk
Saïd Bakari,km COM,"DF,MF",26.0,31,27,2364.0,26.3,1.0,3.0,4.0,1.0,0.0,0.0,1.0,0.0,2.1,2.1,4.4,6.5,60.0,108.0,167.0,0.04,0.11,0.15,0.04,0.15,0.08,0.17,0.25,0.08,0.25,Matches,rkc waalwijk
Michiel Kramer,nl NED,FW,32.0,31,27,2268.0,25.2,11.0,3.0,14.0,11.0,0.0,0.0,8.0,0.0,7.2,7.2,2.1,9.4,14.0,41.0,91.0,0.44,0.12,0.56,0.44,0.56,0.29,0.08,0.37,0.29,0.37,Matches,rkc waalwijk
Juriën Gaari,cw CUW,DF,27.0,30,26,2319.0,25.8,2.0,1.0,3.0,2.0,0.0,0.0,6.0,0.0,1.1,1.1,0.8,1.8,28.0,69.0,81.0,0.08,0.04,0.12,0.08,0.12,0.04,0.03,0.07,0.04,0.07,Matches,rkc waalwijk
Alexander Büttner,nl NED,"DF,MF",32.0,26,25,1880.0,20.9,3.0,4.0,7.0,2.0,1.0,1.0,6.0,0.0,1.9,1.1,3.6,4.7,45.0,75.0,90.0,0.14,0.19,0.34,0.1,0.29,0.09,0.17,0.26,0.05,0.23,Matches,rkc waalwijk
Ayman Azhil,ma MAR,MF,20.0,28,20,1678.0,18.6,0.0,0.0,0.0,0.0,0.0,0.0,1.0,0.0,0.6,0.6,1.2,1.9,17.0,73.0,19.0,0.0,0.0,0.0,0.0,0.0,0.03,0.07,0.1,0.03,0.1,Matches,rkc waalwijk
Shawn Adewoye,be BEL,DF,21.0,22,18,1717.0,19.1,0.0,0.0,0.0,0.0,0.0,0.0,5.0,1.0,0.3,0.3,0.3,0.5,11.0,45.0,6.0,0.0,0.0,0.0,0.0,0.0,0.01,0.01,0.03,0.01,0.03,Matches,rkc waalwijk
Richard van der Venne,nl NED,MF,29.0,22,15,1350.0,15.0,5.0,3.0,8.0,5.0,0.0,0.0,4.0,0.0,3.5,3.5,2.9,6.4,21.0,47.0,71.0,0.33,0.2,0.53,0.33,0.53,0.23,0.19,0.42,0.23,0.42,Matches,rkc waalwijk
Dario Van den Buijs,be BEL,DF,25.0,15,14,1050.0,11.7,0.0,0.0,0.0,0.0,0.0,0.0,0.0,0.0,0.4,0.4,0.1,0.5,11.0,49.0,2.0,0.0,0.0,0.0,0.0,0.0,0.04,0.01,0.04,0.04,0.04,Matches,rkc waalwijk
Finn Stokkers,nl NED,"FW,MF",25.0,26,11,1119.0,12.4,4.0,4.0,8.0,4.0,0.0,0.0,0.0,0.0,3.0,3.0,3.6,6.5,18.0,28.0,115.0,0.32,0.32,0.64,0.32,0.64,0.24,0.29,0.52,0.24,0.52,Matches,rkc waalwijk
Iliass Bel Hassani,ma MAR,"MF,FW",28.0,20,9,841.0,9.3,0.0,2.0,2.0,0.0,0.0,0.0,1.0,0.0,0.6,0.6,1.5,2.1,9.0,48.0,43.0,0.0,0.21,0.21,0.0,0.21,0.07,0.16,0.23,0.07,0.23,Matches,rkc waalwijk
Yassin Oukili,nl NED,MF,20.0,21,8,904.0,10.0,0.0,0.0,0.0,0.0,0.0,0.0,1.0,0.0,0.8,0.8,0.4,1.2,15.0,31.0,30.0,0.0,0.0,0.0,0.0,0.0,0.08,0.04,0.12,0.08,0.12,Matches,rkc waalwijk
Luuk Wouters,nl NED,DF,22.0,18,5,584.0,6.5,0.0,0.0,0.0,0.0,0.0,0.0,0.0,0.0,0.2,0.2,0.1,0.3,4.0,16.0,27.0,0.0,0.0,0.0,0.0,0.0,0.03,0.01,0.04,0.03,0.04,Matches,rkc waalwijk
Lennerd Daneels,be BEL,"FW,MF",23.0,20,4,567.0,6.3,0.0,1.0,1.0,0.0,0.0,0.0,1.0,0.0,1.0,1.0,0.8,1.8,18.0,21.0,62.0,0.0,0.16,0.16,0.0,0.16,0.15,0.13,0.29,0.15,0.29,Matches,rkc waalwijk
Thierry Lutonda,be BEL,DF,20.0,9,4,376.0,4.2,0.0,0.0,0.0,0.0,0.0,0.0,0.0,0.0,0.0,0.0,0.1,0.1,6.0,6.0,26.0,0.0,0.0,0.0,0.0,0.0,0.0,0.03,0.03,0.0,0.03,Matches,rkc waalwijk
Achraf El Bouchataoui,nl NED,MF,21.0,13,3,365.0,4.1,0.0,0.0,0.0,0.0,0.0,0.0,0.0,0.0,0.5,0.5,0.5,0.9,5.0,32.0,6.0,0.0,0.0,0.0,0.0,0.0,0.11,0.11,0.22,0.11,0.22,Matches,rkc waalwijk
Joel Castro Pereira,pt POR,GK,25.0,2,2,180.0,2.0,0.0,0.0,0.0,0.0,0.0,0.0,0.0,0.0,0.0,0.0,0.0,0.0,0.0,0.0,0.0,0.0,0.0,0.0,0.0,0.0,0.0,0.0,0.0,0.0,0.0,Matches,rkc waalwijk
Lars Nieuwpoort,nl NED,DF,26.0,4,1,182.0,2.0,0.0,0.0,0.0,0.0,0.0,0.0,0.0,0.0,0.0,0.0,0.0,0.0,0.0,3.0,0.0,0.0,0.0,0.0,0.0,0.0,0.0,0.0,0.0,0.0,0.0,Matches,rkc waalwijk
Sebbe Augustijns,be BEL,MF,21.0,4,1,145.0,1.6,0.0,0.0,0.0,0.0,0.0,0.0,1.0,0.0,0.0,0.0,0.0,0.0,0.0,1.0,7.0,0.0,0.0,0.0,0.0,0.0,0.02,0.0,0.02,0.02,0.02,Matches,rkc waalwijk
Hans Mulder,nl NED,"MF,DF",34.0,7,1,102.0,1.1,0.0,0.0,0.0,0.0,0.0,0.0,1.0,0.0,0.4,0.4,0.0,0.4,0.0,1.0,1.0,0.0,0.0,0.0,0.0,0.0,0.35,0.0,0.35,0.35,0.35,Matches,rkc waalwijk
Issam El Maach,ma MAR,GK,21.0,1,1,90.0,1.0,0.0,0.0,0.0,0.0,0.0,0.0,0.0,0.0,0.0,0.0,0.0,0.0,0.0,0.0,0.0,0.0,0.0,0.0,0.0,0.0,0.0,0.0,0.0,0.0,0.0,Matches,rkc waalwijk
Roy Kuijpers,nl NED,"FW,MF",21.0,12,0,219.0,2.4,2.0,0.0,2.0,2.0,0.0,0.0,1.0,0.0,1.7,1.7,0.4,2.2,5.0,7.0,19.0,0.82,0.0,0.82,0.82,0.82,0.72,0.18,0.89,0.72,0.89,Matches,rkc waalwijk
Mark Spenkelink,nl NED,GK,24.0,0,0,,,,,,,,,,,,,,,,,,,,,,,,,,,,Matches,rkc waalwijk
Bart van Rooij,nl NED,"DF,MF",20.0,33,33,2970.0,33.0,0.0,2.0,2.0,0.0,0.0,0.0,3.0,0.0,0.8,0.8,2.8,3.6,49.0,104.0,104.0,0.0,0.06,0.06,0.0,0.06,0.02,0.08,0.11,0.02,0.11,Matches,nec nijmegen
Lasse Schöne,dk DEN,MF,35.0,33,33,2930.0,32.6,2.0,2.0,4.0,2.0,0.0,0.0,7.0,0.0,1.1,1.1,4.7,5.8,38.0,171.0,39.0,0.06,0.06,0.12,0.06,0.12,0.03,0.14,0.18,0.03,0.18,Matches,nec nijmegen
Souffian El Karouani,ma MAR,DF,20.0,31,31,2559.0,28.4,0.0,1.0,1.0,0.0,0.0,0.0,3.0,1.0,1.6,1.6,3.6,5.1,69.0,95.0,114.0,0.0,0.04,0.04,0.0,0.04,0.06,0.12,0.18,0.06,0.18,Matches,nec nijmegen
Iván Márquez,es ESP,DF,27.0,30,29,2607.0,29.0,0.0,0.0,0.0,0.0,0.0,0.0,6.0,1.0,1.3,1.3,0.9,2.2,9.0,72.0,1.0,0.0,0.0,0.0,0.0,0.0,0.05,0.03,0.08,0.05,0.08,Matches,nec nijmegen
Cas Odenthal,nl NED,DF,20.0,28,28,2508.0,27.9,1.0,0.0,1.0,1.0,0.0,0.0,4.0,0.0,2.1,2.1,0.1,2.2,11.0,83.0,4.0,0.04,0.0,0.04,0.04,0.04,0.07,0.0,0.08,0.07,0.08,Matches,nec nijmegen
Jonathan Okita,cd COD,"FW,MF",25.0,27,26,2313.0,25.7,7.0,6.0,13.0,6.0,1.0,1.0,3.0,0.0,7.7,7.0,3.5,10.5,77.0,62.0,169.0,0.27,0.23,0.51,0.23,0.47,0.3,0.14,0.44,0.27,0.41,Matches,nec nijmegen
Elayis Tavsan,nl NED,"FW,MF",20.0,30,26,2242.0,24.9,5.0,1.0,6.0,5.0,0.0,0.0,3.0,0.0,6.6,6.6,3.1,9.7,136.0,38.0,159.0,0.2,0.04,0.24,0.2,0.24,0.27,0.13,0.39,0.27,0.39,Matches,nec nijmegen
Jordy Bruijn,nl NED,"MF,FW",25.0,28,26,1808.0,20.1,5.0,3.0,8.0,4.0,1.0,2.0,4.0,0.0,6.2,4.6,2.2,6.8,30.0,63.0,65.0,0.25,0.15,0.4,0.2,0.35,0.31,0.11,0.42,0.23,0.34,Matches,nec nijmegen
Magnus Mattsson,dk DEN,"FW,MF",22.0,27,21,1739.0,19.3,4.0,0.0,4.0,4.0,0.0,0.0,0.0,0.0,4.8,4.8,1.6,6.4,31.0,45.0,81.0,0.21,0.0,0.21,0.21,0.21,0.25,0.08,0.33,0.25,0.33,Matches,nec nijmegen
Rodrigo Guth,br BRA,DF,20.0,20,19,1655.0,18.4,1.0,0.0,1.0,1.0,0.0,0.0,2.0,0.0,1.2,1.2,0.6,1.8,9.0,48.0,8.0,0.05,0.0,0.05,0.05,0.05,0.07,0.03,0.1,0.07,0.1,Matches,nec nijmegen
Ali Akman,tr TUR,FW,19.0,28,19,1569.0,17.4,6.0,0.0,6.0,6.0,0.0,0.0,1.0,1.0,4.1,4.1,2.3,6.4,18.0,38.0,111.0,0.34,0.0,0.34,0.34,0.34,0.24,0.13,0.37,0.24,0.37,Matches,nec nijmegen
Dirk Proper,nl NED,MF,19.0,22,15,1358.0,15.1,0.0,0.0,0.0,0.0,0.0,0.0,3.0,0.0,0.9,0.9,0.6,1.5,7.0,64.0,11.0,0.0,0.0,0.0,0.0,0.0,0.06,0.04,0.1,0.06,0.1,Matches,nec nijmegen
Édgar Barreto,py PAR,"MF,DF",37.0,19,14,1244.0,13.8,1.0,0.0,1.0,1.0,0.0,0.0,3.0,0.0,1.1,1.1,0.3,1.4,5.0,66.0,15.0,0.07,0.0,0.07,0.07,0.07,0.08,0.02,0.1,0.08,0.1,Matches,nec nijmegen
Mikkel Duelund,dk DEN,"MF,FW",24.0,22,10,877.0,9.7,2.0,2.0,4.0,2.0,0.0,0.0,2.0,0.0,1.4,1.4,1.4,2.9,16.0,26.0,50.0,0.21,0.21,0.41,0.21,0.41,0.15,0.15,0.29,0.15,0.29,Matches,nec nijmegen
Calvin Verdonk,nl NED,"DF,MF",24.0,21,8,965.0,10.7,1.0,1.0,2.0,1.0,0.0,0.0,2.0,0.0,0.3,0.3,0.7,0.9,23.0,37.0,22.0,0.09,0.09,0.19,0.09,0.19,0.02,0.06,0.08,0.02,0.08,Matches,nec nijmegen
Javier Vet,nl NED,"MF,FW",27.0,27,1,560.0,6.2,2.0,1.0,3.0,2.0,0.0,0.0,2.0,0.0,1.4,1.4,0.3,1.6,9.0,19.0,29.0,0.32,0.16,0.48,0.32,0.48,0.22,0.04,0.26,0.22,0.26,Matches,nec nijmegen
Ilias Bronkhorst,nl NED,"DF,FW",24.0,12,1,195.0,2.2,0.0,0.0,0.0,0.0,0.0,0.0,1.0,0.0,0.6,0.6,0.3,0.9,7.0,4.0,15.0,0.0,0.0,0.0,0.0,0.0,0.26,0.14,0.4,0.26,0.4,Matches,nec nijmegen
Ole Romeny,nl NED,FW,21.0,10,0,169.0,1.9,0.0,0.0,0.0,0.0,0.0,0.0,0.0,0.0,0.1,0.1,0.0,0.1,6.0,3.0,13.0,0.0,0.0,0.0,0.0,0.0,0.03,0.01,0.04,0.03,0.04,Matches,nec nijmegen
Ibrahim Cissoko,nl NED,FW,18.0,4,0,88.0,1.0,1.0,0.0,1.0,1.0,0.0,0.0,0.0,0.0,1.0,1.0,0.0,1.1,7.0,4.0,11.0,1.02,0.0,1.02,1.02,1.02,1.05,0.05,1.09,1.05,1.09,Matches,nec nijmegen
Pedro,es ESP,FW,21.0,3,0,73.0,0.8,0.0,0.0,0.0,0.0,0.0,0.0,0.0,0.0,0.2,0.2,0.0,0.2,2.0,1.0,5.0,0.0,0.0,0.0,0.0,0.0,0.3,0.0,0.3,0.3,0.3,Matches,nec nijmegen
Rens van Eijden,nl NED,"MF,DF",33.0,2,0,24.0,0.3,0.0,0.0,0.0,0.0,0.0,0.0,0.0,0.0,0.0,0.0,0.0,0.0,0.0,1.0,0.0,0.0,0.0,0.0,0.0,0.0,0.0,0.0,0.0,0.0,0.0,Matches,nec nijmegen
Wilfried Bony,ci CIV,FW,32.0,1,0,15.0,0.2,0.0,0.0,0.0,0.0,0.0,0.0,0.0,0.0,0.0,0.0,0.0,0.0,0.0,0.0,0.0,0.0,0.0,0.0,0.0,0.0,0.0,0.0,0.0,0.0,0.0,Matches,nec nijmegen
Thomas Beekman,nl NED,MF,21.0,1,0,12.0,0.1,0.0,0.0,0.0,0.0,0.0,0.0,0.0,0.0,0.2,0.2,0.0,0.2,0.0,0.0,0.0,0.0,0.0,0.0,0.0,0.0,1.14,0.0,1.14,1.14,1.14,Matches,nec nijmegen
Mathias De Wolf,be BEL,FW,19.0,2,0,9.0,0.1,0.0,0.0,0.0,0.0,0.0,0.0,0.0,0.0,0.0,0.0,0.0,0.0,0.0,0.0,0.0,0.0,0.0,0.0,0.0,0.0,0.36,0.0,0.36,0.36,0.36,Matches,nec nijmegen
Kevin Bukusu,de GER,DF,20.0,0,0,,,,,,,,,,,,,,,,,,,,,,,,,,,,Matches,nec nijmegen
Joep van der Sluijs,nl NED,MF,19.0,0,0,,,,,,,,,,,,,,,,,,,,,,,,,,,,Matches,nec nijmegen
Guss Gertsen,nl NED,DF,18.0,0,0,,,,,,,,,,,,,,,,,,,,,,,,,,,,Matches,nec nijmegen
Robin Roefs,nl NED,GK,18.0,0,0,,,,,,,,,,,,,,,,,,,,,,,,,,,,Matches,nec nijmegen
Nils Rossen,nl NED,MF,15.0,0,0,,,,,,,,,,,,,,,,,,,,,,,,,,,,Matches,nec nijmegen
Neraysho Kasanwirjo,nl NED,"DF,MF",19.0,32,32,2728.0,30.3,1.0,0.0,1.0,1.0,0.0,0.0,6.0,1.0,0.7,0.7,0.8,1.5,40.0,133.0,12.0,0.03,0.0,0.03,0.03,0.03,0.02,0.03,0.05,0.02,0.05,Matches,groningen
Tomáš Suslov,sk SVK,"MF,FW",19.0,29,28,2348.0,26.1,1.0,4.0,5.0,1.0,0.0,0.0,9.0,0.0,2.4,2.4,3.2,5.7,54.0,104.0,76.0,0.04,0.15,0.19,0.04,0.19,0.09,0.12,0.22,0.09,0.22,Matches,groningen
Bart van Hintum,nl NED,DF,34.0,28,27,2198.0,24.4,0.0,2.0,2.0,0.0,0.0,0.0,4.0,0.0,0.8,0.8,1.1,1.9,12.0,71.0,40.0,0.0,0.08,0.08,0.0,0.08,0.03,0.05,0.08,0.03,0.08,Matches,groningen
Michael de Leeuw,nl NED,"FW,MF",34.0,32,27,2036.0,22.6,5.0,0.0,5.0,5.0,0.0,0.0,1.0,0.0,5.9,5.9,0.8,6.7,7.0,31.0,51.0,0.22,0.0,0.22,0.22,0.22,0.26,0.04,0.3,0.26,0.3,Matches,groningen
Jørgen Strand Larsen,no NOR,FW,21.0,32,26,2339.0,26.0,14.0,2.0,16.0,14.0,0.0,0.0,5.0,0.0,11.2,11.2,1.4,12.6,15.0,30.0,118.0,0.54,0.08,0.62,0.54,0.62,0.43,0.05,0.49,0.43,0.49,Matches,groningen
Mohamed El Hankouri,nl NED,"MF,DF",24.0,30,26,2320.0,25.8,1.0,5.0,6.0,0.0,1.0,1.0,2.0,0.0,2.3,1.5,2.5,4.0,92.0,59.0,190.0,0.04,0.19,0.23,0.0,0.19,0.09,0.1,0.19,0.06,0.15,Matches,groningen
Laros Duarte,nl NED,MF,24.0,27,26,2288.0,25.4,1.0,3.0,4.0,1.0,0.0,0.0,3.0,0.0,1.2,1.2,2.7,3.9,31.0,111.0,24.0,0.04,0.12,0.16,0.04,0.16,0.05,0.11,0.15,0.05,0.15,Matches,groningen
Mike te Wierik,nl NED,DF,29.0,26,25,2143.0,23.8,0.0,0.0,0.0,0.0,0.0,0.0,6.0,2.0,0.1,0.1,0.3,0.4,22.0,69.0,2.0,0.0,0.0,0.0,0.0,0.0,0.0,0.01,0.01,0.0,0.01,Matches,groningen
Cyril Ngonge,be BEL,"FW,MF",21.0,31,19,1663.0,18.5,7.0,1.0,8.0,7.0,0.0,0.0,4.0,0.0,5.0,5.0,1.4,6.5,25.0,27.0,77.0,0.38,0.05,0.43,0.38,0.43,0.27,0.08,0.35,0.27,0.35,Matches,groningen
Bjorn Meijer,nl NED,"DF,MF",18.0,22,18,1586.0,17.6,2.0,2.0,4.0,2.0,0.0,0.0,2.0,0.0,1.2,1.2,2.0,3.2,40.0,68.0,90.0,0.11,0.11,0.23,0.11,0.23,0.07,0.12,0.18,0.07,0.18,Matches,groningen
Damil Dankerlui,sr SUR,"DF,MF",24.0,27,16,1492.0,16.6,0.0,2.0,2.0,0.0,0.0,0.0,1.0,0.0,0.7,0.7,2.6,3.3,51.0,67.0,66.0,0.0,0.12,0.12,0.0,0.12,0.04,0.16,0.2,0.04,0.2,Matches,groningen
Paulos Abraham,se SWE,"FW,MF",19.0,29,16,1353.0,15.0,0.0,2.0,2.0,0.0,0.0,0.0,2.0,0.0,2.0,2.0,1.3,3.3,41.0,37.0,91.0,0.0,0.13,0.13,0.0,0.13,0.13,0.09,0.22,0.13,0.22,Matches,groningen
Wessel Dammers,nl NED,"DF,MF",26.0,18,13,1199.0,13.3,0.0,2.0,2.0,0.0,0.0,0.0,3.0,0.0,0.7,0.7,0.9,1.6,1.0,35.0,1.0,0.0,0.15,0.15,0.0,0.15,0.05,0.07,0.12,0.05,0.12,Matches,groningen
Marin Šverko,hr CRO,DF,23.0,24,10,995.0,11.1,0.0,0.0,0.0,0.0,0.0,0.0,1.0,0.0,0.6,0.6,0.6,1.2,13.0,45.0,3.0,0.0,0.0,0.0,0.0,0.0,0.05,0.05,0.11,0.05,0.11,Matches,groningen
Daleho Irandust,se SWE,"MF,FW",23.0,19,10,971.0,10.8,1.0,1.0,2.0,1.0,0.0,0.0,1.0,0.0,1.5,1.5,2.0,3.5,22.0,34.0,60.0,0.09,0.09,0.19,0.09,0.19,0.14,0.19,0.32,0.14,0.32,Matches,groningen
Daniël van Kaam,nl NED,"MF,DF",21.0,20,3,492.0,5.5,1.0,0.0,1.0,1.0,0.0,0.0,0.0,1.0,0.3,0.3,0.2,0.5,17.0,33.0,15.0,0.18,0.0,0.18,0.18,0.18,0.05,0.04,0.09,0.05,0.09,Matches,groningen
Patrick Joosten,nl NED,"MF,FW",25.0,10,3,332.0,3.7,0.0,0.0,0.0,0.0,0.0,0.0,0.0,0.0,0.1,0.1,0.7,0.8,7.0,10.0,18.0,0.0,0.0,0.0,0.0,0.0,0.03,0.18,0.2,0.03,0.2,Matches,groningen
Azor Matusiwa,nl NED,MF,23.0,3,3,270.0,3.0,0.0,0.0,0.0,0.0,0.0,0.0,1.0,0.0,0.0,0.0,0.1,0.1,2.0,13.0,1.0,0.0,0.0,0.0,0.0,0.0,0.0,0.04,0.04,0.0,0.04,Matches,groningen
Gabriel Gudmundsson,se SWE,DF,22.0,3,3,239.0,2.7,0.0,0.0,0.0,0.0,0.0,0.0,0.0,0.0,0.3,0.3,0.4,0.7,14.0,4.0,15.0,0.0,0.0,0.0,0.0,0.0,0.12,0.15,0.27,0.12,0.27,Matches,groningen
Romano Postema,nl NED,"FW,MF",19.0,32,2,710.0,7.9,4.0,1.0,5.0,4.0,0.0,0.0,2.0,0.0,2.7,2.7,0.8,3.5,11.0,15.0,41.0,0.51,0.13,0.63,0.51,0.63,0.35,0.1,0.45,0.35,0.45,Matches,groningen
Melayro Bogarde,nl NED,MF,19.0,8,2,242.0,2.7,0.0,0.0,0.0,0.0,0.0,0.0,0.0,0.0,0.0,0.0,0.0,0.0,3.0,8.0,3.0,0.0,0.0,0.0,0.0,0.0,0.0,0.01,0.01,0.0,0.01,Matches,groningen
Yahya Kalley,se SWE,"DF,MF",20.0,4,2,175.0,1.9,0.0,0.0,0.0,0.0,0.0,0.0,1.0,0.0,0.1,0.1,0.1,0.1,1.0,3.0,4.0,0.0,0.0,0.0,0.0,0.0,0.03,0.03,0.06,0.03,0.06,Matches,groningen
Ahmed El Messaoudi,ma MAR,"FW,MF",25.0,3,2,169.0,1.9,1.0,0.0,1.0,1.0,0.0,0.0,0.0,0.0,0.5,0.5,0.1,0.7,4.0,4.0,5.0,0.53,0.0,0.53,0.53,0.53,0.29,0.07,0.36,0.29,0.36,Matches,groningen
Emmanuel Matuta,be BEL,"MF,FW",19.0,7,1,98.0,1.1,0.0,0.0,0.0,0.0,0.0,0.0,0.0,0.0,0.0,0.0,0.1,0.1,1.0,2.0,1.0,0.0,0.0,0.0,0.0,0.0,0.0,0.05,0.05,0.0,0.05,Matches,groningen
Ramon Lundqvist,se SWE,FW,24.0,1,0,9.0,0.1,0.0,0.0,0.0,0.0,0.0,0.0,0.0,0.0,0.0,0.0,0.0,0.0,0.0,1.0,1.0,0.0,0.0,0.0,0.0,0.0,0.0,0.0,0.0,0.0,0.0,Matches,groningen
Alex Mortensen,se SWE,FW,19.0,2,0,9.0,0.1,0.0,0.0,0.0,0.0,0.0,0.0,0.0,0.0,0.0,0.0,0.0,0.0,0.0,0.0,0.0,0.0,0.0,0.0,0.0,0.0,0.0,0.0,0.0,0.0,0.0,Matches,groningen
Elias Olsson,se SWE,DF,18.0,1,0,1.0,0.0,0.0,0.0,0.0,0.0,0.0,0.0,0.0,0.0,0.0,0.0,0.0,0.0,0.0,0.0,0.0,0.0,0.0,0.0,0.0,0.0,0.0,0.0,0.0,0.0,0.0,Matches,groningen
Dirk Baron,nl NED,GK,20.0,0,0,,,,,,,,,,,,,,,,,,,,,,,,,,,,Matches,groningen
Thijmen Blokzijl,nl NED,DF,16.0,0,0,,,,,,,,,,,,,,,,,,,,,,,,,,,,Matches,groningen
Jan de Boer,nl NED,GK,21.0,0,0,,,,,,,,,,,,,,,,,,,,,,,,,,,,Matches,groningen
Owen van der Vlag,nl NED,GK,17.0,0,0,,,,,,,,,,,,,,,,,,,,,,,,,,,,Matches,groningen
Jan Hoekstra,nl NED,GK,22.0,0,0,,,,,,,,,,,,,,,,,,,,,,,,,,,,Matches,groningen
Ragnar Oratmangoen,nl NED,"MF,FW",23.0,33,32,2630.0,29.2,0.0,4.0,4.0,0.0,0.0,0.0,1.0,0.0,2.2,2.2,3.3,5.5,80.0,117.0,127.0,0.0,0.14,0.14,0.0,0.14,0.07,0.11,0.19,0.07,0.19,Matches,go ahead eagles
Philippe Rommens,be BEL,MF,23.0,34,31,2696.0,30.0,2.0,5.0,7.0,2.0,0.0,0.0,2.0,0.0,1.6,1.6,4.0,5.6,24.0,158.0,63.0,0.07,0.17,0.23,0.07,0.23,0.05,0.13,0.19,0.05,0.19,Matches,go ahead eagles
Bas Kuipers,nl NED,DF,26.0,30,28,2518.0,28.0,0.0,3.0,3.0,0.0,0.0,0.0,5.0,0.0,0.7,0.7,2.7,3.4,37.0,90.0,101.0,0.0,0.11,0.11,0.0,0.11,0.03,0.1,0.12,0.03,0.12,Matches,go ahead eagles
Mats Deijl,nl NED,"DF,MF",24.0,32,28,2441.0,27.1,2.0,2.0,4.0,2.0,0.0,0.0,6.0,0.0,1.2,1.2,1.8,3.0,29.0,97.0,86.0,0.07,0.07,0.15,0.07,0.15,0.04,0.07,0.11,0.04,0.11,Matches,go ahead eagles
Iñigo Córdoba,es ESP,"FW,MF",24.0,30,28,2312.0,25.7,9.0,1.0,10.0,9.0,0.0,0.0,3.0,1.0,7.3,7.3,2.1,9.3,67.0,88.0,198.0,0.35,0.04,0.39,0.35,0.39,0.28,0.08,0.36,0.28,0.36,Matches,go ahead eagles
Gerrit Nauber,de GER,DF,29.0,27,25,2231.0,24.8,0.0,0.0,0.0,0.0,0.0,0.0,2.0,0.0,0.5,0.5,0.5,1.0,7.0,48.0,3.0,0.0,0.0,0.0,0.0,0.0,0.02,0.02,0.04,0.02,0.04,Matches,go ahead eagles
Joris Kramer,nl NED,DF,24.0,26,25,2194.0,24.4,2.0,1.0,3.0,2.0,0.0,0.0,3.0,2.0,0.7,0.7,0.9,1.6,22.0,68.0,5.0,0.08,0.04,0.12,0.08,0.12,0.03,0.04,0.06,0.03,0.06,Matches,go ahead eagles
Isac Lidberg,se SWE,FW,22.0,32,25,1976.0,22.0,4.0,2.0,6.0,4.0,0.0,0.0,3.0,1.0,5.8,5.8,1.5,7.3,32.0,27.0,136.0,0.18,0.09,0.27,0.18,0.27,0.27,0.07,0.33,0.27,0.33,Matches,go ahead eagles
Boyd Lucassen,nl NED,"DF,MF",23.0,31,24,2114.0,23.5,1.0,1.0,2.0,1.0,0.0,0.0,2.0,0.0,0.9,0.9,1.2,2.1,24.0,81.0,40.0,0.04,0.04,0.09,0.04,0.09,0.04,0.05,0.09,0.04,0.09,Matches,go ahead eagles
Warner Hahn,sr SUR,GK,29.0,19,19,1710.0,19.0,0.0,0.0,0.0,0.0,0.0,0.0,1.0,0.0,0.0,0.0,0.4,0.4,0.0,0.0,0.0,0.0,0.0,0.0,0.0,0.0,0.0,0.02,0.02,0.0,0.02,Matches,go ahead eagles
Jay Idzes,nl NED,"DF,MF",21.0,21,17,1517.0,16.9,0.0,0.0,0.0,0.0,0.0,0.0,2.0,0.0,0.5,0.5,0.1,0.6,5.0,35.0,4.0,0.0,0.0,0.0,0.0,0.0,0.03,0.0,0.04,0.03,0.04,Matches,go ahead eagles
Andries Noppert,nl NED,GK,27.0,15,15,1350.0,15.0,0.0,0.0,0.0,0.0,0.0,0.0,0.0,0.0,0.2,0.2,0.0,0.2,0.0,0.0,1.0,0.0,0.0,0.0,0.0,0.0,0.02,0.0,0.02,0.02,0.02,Matches,go ahead eagles
Ioannis-Foivos Botos,gr GRE,"MF,FW",20.0,22,11,1032.0,11.5,3.0,0.0,3.0,3.0,0.0,0.0,1.0,1.0,1.9,1.9,0.8,2.6,13.0,26.0,84.0,0.26,0.0,0.26,0.26,0.26,0.16,0.07,0.23,0.16,0.23,Matches,go ahead eagles
Cuco Martina,cw CUW,DF,31.0,11,9,759.0,8.4,0.0,0.0,0.0,0.0,0.0,0.0,1.0,0.0,0.0,0.0,0.0,0.1,7.0,26.0,18.0,0.0,0.0,0.0,0.0,0.0,0.0,0.0,0.01,0.0,0.01,Matches,go ahead eagles
Marc Cardona,es ESP,FW,26.0,22,7,790.0,8.8,2.0,2.0,4.0,2.0,0.0,0.0,0.0,0.0,4.6,4.6,1.6,6.2,20.0,27.0,64.0,0.23,0.23,0.46,0.23,0.46,0.53,0.18,0.71,0.53,0.71,Matches,go ahead eagles
Justin Bakker,nl NED,DF,23.0,13,7,735.0,8.2,1.0,1.0,2.0,0.0,1.0,1.0,0.0,0.0,0.9,0.1,0.9,1.0,7.0,34.0,1.0,0.12,0.12,0.24,0.0,0.12,0.11,0.11,0.22,0.01,0.12,Matches,go ahead eagles
Martijn Berden,nl NED,"FW,MF",24.0,19,6,621.0,6.9,0.0,2.0,2.0,0.0,0.0,0.0,0.0,0.0,1.2,1.2,1.4,2.5,10.0,13.0,47.0,0.0,0.29,0.29,0.0,0.29,0.17,0.2,0.36,0.17,0.36,Matches,go ahead eagles
Ogechika Heil,de GER,"FW,MF",20.0,28,4,708.0,7.9,1.0,1.0,2.0,1.0,0.0,0.0,1.0,0.0,0.9,0.9,1.0,1.9,24.0,19.0,61.0,0.13,0.13,0.25,0.13,0.25,0.11,0.13,0.24,0.11,0.24,Matches,go ahead eagles
Jacob Mulenga,zm ZAM,"FW,MF",37.0,18,0,194.0,2.2,1.0,0.0,1.0,1.0,0.0,0.0,1.0,0.0,2.1,2.1,0.0,2.1,2.0,2.0,13.0,0.46,0.0,0.46,0.46,0.46,0.96,0.02,0.98,0.96,0.98,Matches,go ahead eagles
Frank Ross,sct SCO,"MF,FW",23.0,7,0,74.0,0.8,0.0,0.0,0.0,0.0,0.0,0.0,0.0,0.0,0.0,0.0,0.2,0.2,2.0,1.0,4.0,0.0,0.0,0.0,0.0,0.0,0.0,0.28,0.28,0.0,0.28,Matches,go ahead eagles
Evert Linthorst,nl NED,MF,21.0,2,0,46.0,0.5,0.0,0.0,0.0,0.0,0.0,0.0,0.0,0.0,0.0,0.0,0.0,0.0,0.0,2.0,0.0,0.0,0.0,0.0,0.0,0.0,0.0,0.0,0.0,0.0,0.0,Matches,go ahead eagles
Yacine Bourhane,km COM,MF,22.0,4,0,41.0,0.5,0.0,0.0,0.0,0.0,0.0,0.0,0.0,0.0,0.0,0.0,0.0,0.0,2.0,4.0,0.0,0.0,0.0,0.0,0.0,0.0,0.0,0.0,0.0,0.0,0.0,Matches,go ahead eagles
Zakaria Eddahchouri,nl NED,FW,21.0,1,0,19.0,0.2,0.0,0.0,0.0,0.0,0.0,0.0,1.0,0.0,0.0,0.0,0.0,0.0,0.0,0.0,0.0,0.0,0.0,0.0,0.0,0.0,0.0,0.0,0.0,0.0,0.0,Matches,go ahead eagles
Turan Tuzlacik,nl NED,"DF,MF",20.0,2,0,12.0,0.1,0.0,0.0,0.0,0.0,0.0,0.0,0.0,0.0,0.0,0.0,0.0,0.0,0.0,0.0,1.0,0.0,0.0,0.0,0.0,0.0,0.0,0.0,0.0,0.0,0.0,Matches,go ahead eagles
Aventis Aventisian,gr GRE,DF,18.0,1,0,3.0,0.0,0.0,0.0,0.0,0.0,0.0,0.0,0.0,0.0,0.0,0.0,0.0,0.0,0.0,0.0,0.0,0.0,0.0,0.0,0.0,0.0,0.0,0.0,0.0,0.0,0.0,Matches,go ahead eagles
Quiermo Dumay,nl NED,MF,20.0,0,0,,,,,,,,,,,,,,,,,,,,,,,,,,,,Matches,go ahead eagles
Lars Groenendijk,,GK,,0,0,,,,,,,,,,,,,,,,,,,,,,,,,,,,Matches,go ahead eagles
Nick Hengelman,nl NED,GK,31.0,0,0,,,,,,,,,,,,,,,,,,,,,,,,,,,,Matches,go ahead eagles
Sven Jansen,nl NED,DF,16.0,0,0,,,,,,,,,,,,,,,,,,,,,,,,,,,,Matches,go ahead eagles
Semir Ozturk,nl NED,FW,17.0,0,0,,,,,,,,,,,,,,,,,,,,,,,,,,,,Matches,go ahead eagles
Job Schuurman,nl NED,GK,22.0,0,0,,,,,,,,,,,,,,,,,,,,,,,,,,,,Matches,go ahead eagles
Michalis Spiridakis,nl NED,MF,20.0,0,0,,,,,,,,,,,,,,,,,,,,,,,,,,,,Matches,go ahead eagles
Bart Vriends,nl NED,DF,30.0,33,31,2823.0,31.4,3.0,0.0,3.0,3.0,0.0,0.0,4.0,0.0,1.3,1.3,0.3,1.5,4.0,88.0,9.0,0.1,0.0,0.1,0.1,0.1,0.04,0.01,0.05,0.04,0.05,Matches,sparta rotterdam
Adil Auassar,nl NED,"DF,MF",34.0,32,31,2475.0,27.5,3.0,1.0,4.0,3.0,0.0,0.0,7.0,0.0,1.3,1.3,1.2,2.5,8.0,74.0,12.0,0.11,0.04,0.15,0.11,0.15,0.05,0.04,0.09,0.05,0.09,Matches,sparta rotterdam
Maduka Okoye,ng NGA,GK,21.0,30,30,2633.0,29.3,0.0,0.0,0.0,0.0,0.0,0.0,4.0,0.0,0.0,0.0,0.0,0.0,0.0,0.0,0.0,0.0,0.0,0.0,0.0,0.0,0.0,0.0,0.0,0.0,0.0,Matches,sparta rotterdam
Lennart Thy,de GER,"FW,MF",29.0,33,28,2386.0,26.5,5.0,1.0,6.0,5.0,0.0,1.0,1.0,0.0,7.1,6.3,1.7,8.0,19.0,76.0,163.0,0.19,0.04,0.23,0.19,0.23,0.27,0.06,0.33,0.24,0.3,Matches,sparta rotterdam
Vito van Crooy,nl NED,"MF,FW",25.0,33,27,2182.0,24.2,5.0,4.0,9.0,4.0,1.0,1.0,6.0,0.0,5.6,4.8,2.6,7.4,26.0,63.0,123.0,0.21,0.16,0.37,0.16,0.33,0.23,0.11,0.34,0.2,0.3,Matches,sparta rotterdam
Sven Mijnans,nl NED,"MF,FW",21.0,30,21,1889.0,21.0,3.0,3.0,6.0,3.0,0.0,0.0,1.0,0.0,4.2,4.2,2.0,6.2,30.0,80.0,111.0,0.14,0.14,0.29,0.14,0.29,0.2,0.1,0.29,0.2,0.29,Matches,sparta rotterdam
Bryan Smeets,nl NED,MF,28.0,20,18,1478.0,16.4,2.0,2.0,4.0,2.0,0.0,0.0,3.0,0.0,1.1,1.1,2.1,3.2,14.0,76.0,49.0,0.12,0.12,0.24,0.12,0.24,0.07,0.13,0.19,0.07,0.19,Matches,sparta rotterdam
Michael Pinto,lu LUX,DF,28.0,24,16,1539.0,17.1,0.0,3.0,3.0,0.0,0.0,0.0,2.0,1.0,0.1,0.1,1.7,1.7,35.0,65.0,57.0,0.0,0.18,0.18,0.0,0.18,0.0,0.1,0.1,0.0,0.1,Matches,sparta rotterdam
Tom Beugelsdijk,nl NED,DF,30.0,25,15,1529.0,17.0,0.0,0.0,0.0,0.0,0.0,0.0,5.0,0.0,0.8,0.8,0.7,1.5,1.0,29.0,9.0,0.0,0.0,0.0,0.0,0.0,0.04,0.04,0.09,0.04,0.09,Matches,sparta rotterdam
Joeri de Kamps,nl NED,MF,29.0,14,14,1178.0,13.1,1.0,0.0,1.0,1.0,0.0,0.0,5.0,0.0,0.2,0.2,0.1,0.2,4.0,42.0,8.0,0.08,0.0,0.08,0.08,0.08,0.01,0.0,0.02,0.01,0.02,Matches,sparta rotterdam
Arno Verschueren,be BEL,MF,24.0,12,12,963.0,10.7,2.0,1.0,3.0,2.0,0.0,0.0,1.0,1.0,1.2,1.2,0.4,1.6,7.0,38.0,21.0,0.19,0.09,0.28,0.19,0.28,0.11,0.04,0.15,0.11,0.15,Matches,sparta rotterdam
Younes Namli,dk DEN,MF,27.0,14,12,860.0,9.6,1.0,4.0,5.0,1.0,0.0,0.0,0.0,0.0,0.7,0.7,2.0,2.7,17.0,52.0,35.0,0.1,0.42,0.52,0.1,0.52,0.07,0.21,0.28,0.07,0.28,Matches,sparta rotterdam
Mario Engels,de GER,FW,27.0,29,11,1102.0,12.2,1.0,1.0,2.0,1.0,0.0,0.0,4.0,0.0,2.4,2.4,2.7,5.0,28.0,9.0,84.0,0.08,0.08,0.16,0.08,0.16,0.19,0.22,0.41,0.19,0.41,Matches,sparta rotterdam
Michaël Heylen,be BEL,DF,27.0,16,10,891.0,9.9,0.0,0.0,0.0,0.0,0.0,0.0,2.0,0.0,0.3,0.3,0.1,0.4,0.0,18.0,1.0,0.0,0.0,0.0,0.0,0.0,0.03,0.01,0.04,0.03,0.04,Matches,sparta rotterdam
Giannis Masouras,gr GRE,"DF,MF",24.0,17,10,841.0,9.3,0.0,0.0,0.0,0.0,0.0,0.0,2.0,0.0,0.2,0.2,0.3,0.5,22.0,35.0,26.0,0.0,0.0,0.0,0.0,0.0,0.02,0.03,0.05,0.02,0.05,Matches,sparta rotterdam
Emanuel Emegha,nl NED,"FW,MF",18.0,19,9,970.0,10.8,2.0,0.0,2.0,2.0,0.0,0.0,0.0,0.0,2.8,2.8,0.4,3.2,22.0,10.0,79.0,0.19,0.0,0.19,0.19,0.19,0.26,0.04,0.3,0.26,0.3,Matches,sparta rotterdam
Aaron Meijers,nl NED,DF,33.0,12,8,740.0,8.2,0.0,2.0,2.0,0.0,0.0,0.0,1.0,1.0,0.1,0.1,1.5,1.5,17.0,29.0,37.0,0.0,0.24,0.24,0.0,0.24,0.01,0.18,0.19,0.01,0.19,Matches,sparta rotterdam
Mohammed Osman,sy SYR,MF,27.0,12,8,677.0,7.5,0.0,0.0,0.0,0.0,0.0,0.0,0.0,0.0,0.5,0.5,0.4,0.9,7.0,28.0,22.0,0.0,0.0,0.0,0.0,0.0,0.07,0.05,0.12,0.07,0.12,Matches,sparta rotterdam
Riza Durmisi,dk DEN,DF,27.0,9,8,609.0,6.8,0.0,0.0,0.0,0.0,0.0,0.0,0.0,0.0,0.0,0.0,0.2,0.2,9.0,18.0,8.0,0.0,0.0,0.0,0.0,0.0,0.01,0.03,0.03,0.01,0.03,Matches,sparta rotterdam
Laurent Jans,lu LUX,"DF,MF",28.0,19,5,776.0,8.6,0.0,0.0,0.0,0.0,0.0,0.0,0.0,0.0,0.7,0.7,0.4,1.1,17.0,33.0,39.0,0.0,0.0,0.0,0.0,0.0,0.08,0.05,0.13,0.08,0.13,Matches,sparta rotterdam
Adrián Dalmau,es ESP,FW,27.0,12,5,589.0,6.5,2.0,0.0,2.0,2.0,0.0,0.0,1.0,0.0,2.4,2.4,0.7,3.0,2.0,8.0,38.0,0.31,0.0,0.31,0.31,0.31,0.36,0.1,0.46,0.36,0.46,Matches,sparta rotterdam
Jeremy van Mullem,nl NED,MF,22.0,12,5,579.0,6.4,0.0,0.0,0.0,0.0,0.0,0.0,0.0,0.0,0.1,0.1,0.0,0.1,3.0,19.0,4.0,0.0,0.0,0.0,0.0,0.0,0.01,0.0,0.01,0.01,0.01,Matches,sparta rotterdam
Tim Coremans,nl NED,GK,30.0,3,3,270.0,3.0,0.0,0.0,0.0,0.0,0.0,0.0,0.0,0.0,0.0,0.0,0.0,0.0,0.0,0.0,0.0,0.0,0.0,0.0,0.0,0.0,0.0,0.0,0.0,0.0,0.0,Matches,sparta rotterdam
Laros Duarte,nl NED,MF,24.0,3,2,189.0,2.1,0.0,0.0,0.0,0.0,0.0,0.0,0.0,0.0,0.2,0.2,0.3,0.5,0.0,9.0,2.0,0.0,0.0,0.0,0.0,0.0,0.12,0.13,0.25,0.12,0.25,Matches,sparta rotterdam
Benjamin van Leer,nl NED,GK,29.0,2,1,157.0,1.7,0.0,0.0,0.0,0.0,0.0,0.0,0.0,0.0,0.0,0.0,0.0,0.0,0.0,0.0,0.0,0.0,0.0,0.0,0.0,0.0,0.0,0.0,0.0,0.0,0.0,Matches,sparta rotterdam
Abdou Harroui,nl NED,MF,23.0,1,1,90.0,1.0,0.0,0.0,0.0,0.0,0.0,0.0,1.0,0.0,0.0,0.0,0.0,0.0,2.0,3.0,1.0,0.0,0.0,0.0,0.0,0.0,0.0,0.0,0.0,0.0,0.0,Matches,sparta rotterdam
Kenzo Goudmijn,nl NED,"MF,FW",19.0,11,0,187.0,2.1,0.0,0.0,0.0,0.0,0.0,0.0,1.0,0.0,0.3,0.3,0.1,0.4,0.0,8.0,5.0,0.0,0.0,0.0,0.0,0.0,0.15,0.07,0.21,0.15,0.21,Matches,sparta rotterdam
Gaultiér Overman,nl NED,"MF,DF",20.0,2,0,41.0,0.5,0.0,0.0,0.0,0.0,0.0,0.0,0.0,0.0,0.0,0.0,0.0,0.0,1.0,0.0,1.0,0.0,0.0,0.0,0.0,0.0,0.0,0.0,0.0,0.0,0.0,Matches,sparta rotterdam
Augustin Drakpe,nl NED,DF,19.0,1,0,27.0,0.3,0.0,0.0,0.0,0.0,0.0,0.0,0.0,0.0,0.0,0.0,0.0,0.0,0.0,0.0,0.0,0.0,0.0,0.0,0.0,0.0,0.0,0.0,0.0,0.0,0.0,Matches,sparta rotterdam
Jason Meerstadt,nl NED,MF,20.0,1,0,14.0,0.2,0.0,0.0,0.0,0.0,0.0,0.0,0.0,0.0,0.0,0.0,0.0,0.0,0.0,0.0,0.0,0.0,0.0,0.0,0.0,0.0,0.0,0.0,0.0,0.0,0.0,Matches,sparta rotterdam
Achraf Madi,nl NED,DF,19.0,1,0,1.0,0.0,0.0,0.0,0.0,0.0,0.0,0.0,0.0,0.0,0.0,0.0,0.0,0.0,0.0,0.0,1.0,0.0,0.0,0.0,0.0,0.0,0.0,0.0,0.0,0.0,0.0,Matches,sparta rotterdam
Marouane Afaker,nl NED,MF,22.0,0,0,,,,,,,,,,,,,,,,,,,,,,,,,,,,Matches,sparta rotterdam
Jafar Bynoe,nl NED,MF,17.0,0,0,,,,,,,,,,,,,,,,,,,,,,,,,,,,Matches,sparta rotterdam
Pepijn Doesburg,nl NED,FW,20.0,0,0,,,,,,,,,,,,,,,,,,,,,,,,,,,,Matches,sparta rotterdam
Rijk Janse,nl NED,GK,19.0,0,0,,,,,,,,,,,,,,,,,,,,,,,,,,,,Matches,sparta rotterdam
Ishan Kort,sr SUR,GK,21.0,0,0,,,,,,,,,,,,,,,,,,,,,,,,,,,,Matches,sparta rotterdam
Finn Murre,nl NED,GK,18.0,0,0,,,,,,,,,,,,,,,,,,,,,,,,,,,,Matches,sparta rotterdam
Mats Seuntjens,nl NED,"FW,MF",29.0,32,32,2851.0,31.7,9.0,4.0,13.0,7.0,2.0,2.0,5.0,0.0,8.0,6.5,5.0,11.4,64.0,102.0,152.0,0.28,0.13,0.41,0.22,0.35,0.25,0.16,0.41,0.2,0.36,Matches,fortuna sittard
Deroy Duarte,cv CPV,"MF,DF",22.0,33,30,2703.0,30.0,1.0,2.0,3.0,1.0,0.0,0.0,5.0,0.0,1.4,1.4,2.4,3.7,24.0,70.0,54.0,0.03,0.07,0.1,0.03,0.1,0.05,0.08,0.12,0.05,0.12,Matches,fortuna sittard
Martin Angha,ch SUI,DF,27.0,31,30,2594.0,28.8,0.0,0.0,0.0,0.0,0.0,0.0,6.0,0.0,0.8,0.8,0.1,0.8,11.0,56.0,3.0,0.0,0.0,0.0,0.0,0.0,0.03,0.0,0.03,0.03,0.03,Matches,fortuna sittard
Zian Flemming,nl NED,"MF,FW",22.0,28,28,2495.0,27.7,12.0,4.0,16.0,12.0,0.0,0.0,5.0,0.0,10.6,10.6,2.3,12.9,34.0,69.0,101.0,0.43,0.14,0.58,0.43,0.58,0.38,0.08,0.47,0.38,0.47,Matches,fortuna sittard
George Cox,eng ENG,DF,23.0,27,26,2193.0,24.4,2.0,2.0,4.0,2.0,0.0,0.0,7.0,0.0,1.0,1.0,3.3,4.3,27.0,55.0,68.0,0.08,0.08,0.16,0.08,0.16,0.04,0.14,0.18,0.04,0.18,Matches,fortuna sittard
Ben Rienstra,nl NED,MF,31.0,28,26,2147.0,23.9,2.0,3.0,5.0,2.0,0.0,0.0,4.0,0.0,1.2,1.2,1.7,2.9,8.0,77.0,29.0,0.08,0.13,0.21,0.08,0.21,0.05,0.07,0.12,0.05,0.12,Matches,fortuna sittard
Mickaël Tirpan,be BEL,DF,27.0,26,26,1980.0,22.0,0.0,1.0,1.0,0.0,0.0,0.0,4.0,0.0,1.0,1.0,2.0,3.0,53.0,67.0,85.0,0.0,0.05,0.05,0.0,0.05,0.04,0.09,0.14,0.04,0.14,Matches,fortuna sittard
Tesfaldet Tekie,se SWE,MF,24.0,27,24,2112.0,23.5,1.0,3.0,4.0,1.0,0.0,0.0,1.0,0.0,0.9,0.9,3.1,4.0,38.0,105.0,38.0,0.04,0.13,0.17,0.04,0.17,0.04,0.13,0.17,0.04,0.17,Matches,fortuna sittard
Roel Janssen,nl NED,DF,31.0,17,16,1298.0,14.4,0.0,0.0,0.0,0.0,0.0,0.0,4.0,1.0,0.3,0.3,0.1,0.4,4.0,49.0,2.0,0.0,0.0,0.0,0.0,0.0,0.02,0.01,0.03,0.02,0.03,Matches,fortuna sittard
Ivo Pinto,pt POR,DF,31.0,22,14,1495.0,16.6,0.0,0.0,0.0,0.0,0.0,0.0,3.0,0.0,0.1,0.1,0.1,0.1,22.0,46.0,14.0,0.0,0.0,0.0,0.0,0.0,0.01,0.0,0.01,0.01,0.01,Matches,fortuna sittard
Andreas Samaris,gr GRE,"DF,MF",32.0,20,12,1077.0,12.0,0.0,0.0,0.0,0.0,0.0,0.0,1.0,0.0,0.1,0.1,0.2,0.4,4.0,28.0,4.0,0.0,0.0,0.0,0.0,0.0,0.01,0.02,0.03,0.01,0.03,Matches,fortuna sittard
Dimitris Siovas,gr GRE,DF,32.0,12,12,1009.0,11.2,1.0,0.0,1.0,1.0,0.0,0.0,2.0,0.0,0.7,0.7,0.4,1.1,2.0,35.0,2.0,0.09,0.0,0.09,0.09,0.09,0.07,0.03,0.1,0.07,0.1,Matches,fortuna sittard
Tijjani Noslin,nl NED,"FW,MF",22.0,24,8,815.0,9.1,1.0,0.0,1.0,1.0,0.0,0.0,0.0,0.0,1.9,1.9,0.2,2.2,18.0,11.0,64.0,0.11,0.0,0.11,0.11,0.11,0.21,0.02,0.24,0.21,0.24,Matches,fortuna sittard
Arianit Ferati,xk KVX,"MF,DF",23.0,14,8,742.0,8.2,0.0,0.0,0.0,0.0,0.0,0.0,1.0,0.0,0.2,0.2,0.5,0.8,11.0,29.0,29.0,0.0,0.0,0.0,0.0,0.0,0.03,0.06,0.09,0.03,0.09,Matches,fortuna sittard
Emil Hansson,se SWE,"FW,MF",23.0,11,8,646.0,7.2,0.0,0.0,0.0,0.0,0.0,0.0,0.0,0.0,0.5,0.5,0.4,0.9,18.0,13.0,38.0,0.0,0.0,0.0,0.0,0.0,0.07,0.05,0.13,0.07,0.13,Matches,fortuna sittard
Nigel Lonwijk,nl NED,DF,18.0,22,7,895.0,9.9,1.0,0.0,1.0,1.0,0.0,0.0,1.0,0.0,0.7,0.7,0.0,0.7,3.0,17.0,4.0,0.1,0.0,0.1,0.1,0.1,0.07,0.0,0.07,0.07,0.07,Matches,fortuna sittard
Paul Gladon,nl NED,FW,29.0,11,7,606.0,6.7,3.0,2.0,5.0,2.0,1.0,1.0,3.0,0.0,2.6,1.8,1.0,2.9,2.0,8.0,31.0,0.45,0.3,0.74,0.3,0.59,0.39,0.15,0.54,0.27,0.42,Matches,fortuna sittard
Charlison Benschop,cw CUW,FW,31.0,13,6,577.0,6.4,0.0,0.0,0.0,0.0,0.0,0.0,0.0,0.0,0.6,0.6,0.6,1.1,2.0,4.0,23.0,0.0,0.0,0.0,0.0,0.0,0.09,0.09,0.18,0.09,0.18,Matches,fortuna sittard
Lisandro Semedo,cv CPV,"FW,MF",25.0,9,4,471.0,5.2,0.0,1.0,1.0,0.0,0.0,0.0,1.0,0.0,1.1,1.1,1.0,2.1,15.0,11.0,30.0,0.0,0.19,0.19,0.0,0.19,0.21,0.18,0.39,0.21,0.39,Matches,fortuna sittard
Samy Baghdadi,fr FRA,"FW,MF",24.0,10,4,436.0,4.8,1.0,0.0,1.0,1.0,0.0,0.0,2.0,0.0,1.1,1.1,0.3,1.4,14.0,8.0,24.0,0.21,0.0,0.21,0.21,0.21,0.24,0.06,0.3,0.24,0.3,Matches,fortuna sittard
Bassala Sambou,eng ENG,FW,23.0,8,4,417.0,4.6,0.0,0.0,0.0,0.0,0.0,0.0,2.0,0.0,0.3,0.3,0.1,0.4,2.0,4.0,32.0,0.0,0.0,0.0,0.0,0.0,0.07,0.02,0.09,0.07,0.09,Matches,fortuna sittard
Richie Musaba,nl NED,"MF,FW",20.0,7,3,220.0,2.4,0.0,0.0,0.0,0.0,0.0,0.0,1.0,0.0,0.2,0.2,0.4,0.6,4.0,2.0,9.0,0.0,0.0,0.0,0.0,0.0,0.1,0.15,0.25,0.1,0.25,Matches,fortuna sittard
Ryan Johansson,ie IRL,"MF,DF",20.0,6,2,209.0,2.3,0.0,0.0,0.0,0.0,0.0,0.0,1.0,0.0,0.1,0.1,0.1,0.2,3.0,7.0,4.0,0.0,0.0,0.0,0.0,0.0,0.04,0.06,0.09,0.04,0.09,Matches,fortuna sittard
Llazaros Rota,gr GRE,DF,23.0,2,2,180.0,2.0,0.0,0.0,0.0,0.0,0.0,0.0,0.0,0.0,0.0,0.0,0.1,0.1,4.0,6.0,7.0,0.0,0.0,0.0,0.0,0.0,0.0,0.04,0.04,0.0,0.04,Matches,fortuna sittard
Michael Verrips,nl NED,GK,24.0,2,2,180.0,2.0,0.0,0.0,0.0,0.0,0.0,0.0,0.0,0.0,0.0,0.0,0.0,0.0,0.0,0.0,0.0,0.0,0.0,0.0,0.0,0.0,0.0,0.0,0.0,0.0,0.0,Matches,fortuna sittard
Jordan Botaka,cd COD,"MF,DF",28.0,7,1,159.0,1.8,0.0,0.0,0.0,0.0,0.0,0.0,0.0,0.0,0.1,0.1,0.0,0.1,7.0,6.0,7.0,0.0,0.0,0.0,0.0,0.0,0.06,0.02,0.08,0.06,0.08,Matches,fortuna sittard
Toshio Lake,nl NED,MF,20.0,11,0,244.0,2.7,1.0,2.0,3.0,1.0,0.0,0.0,1.0,0.0,,,,,,,,0.37,0.74,1.11,0.37,1.11,,,,,,Matches,fortuna sittard
Thibaud Verlinden,be BEL,FW,22.0,1,0,1.0,0.0,0.0,0.0,0.0,0.0,0.0,0.0,0.0,0.0,0.0,0.0,0.0,0.0,0.0,0.0,0.0,0.0,0.0,0.0,0.0,0.0,0.0,0.0,0.0,0.0,0.0,Matches,fortuna sittard
Felix Dornebusch,de GER,GK,27.0,0,0,,,,,,,,,,,,,,,,,,,,,,,,,,,,Matches,fortuna sittard
Yiğit Emre Çeltik,tr TUR,MF,18.0,0,0,,,,,,,,,,,,,,,,,,,,,,,,,,,,Matches,fortuna sittard
Tom Hendriks,nl NED,GK,19.0,0,0,,,,,,,,,,,,,,,,,,,,,,,,,,,,Matches,fortuna sittard
Stijn Hogervorst,nl NED,DF,18.0,0,0,,,,,,,,,,,,,,,,,,,,,,,,,,,,Matches,fortuna sittard
Arian Kastrati,nl NED,MF,20.0,0,0,,,,,,,,,,,,,,,,,,,,,,,,,,,,Matches,fortuna sittard
Ruben van Kouwen,nl NED,GK,20.0,0,0,,,,,,,,,,,,,,,,,,,,,,,,,,,,Matches,fortuna sittard
Ronan Ronan,ir IRN,MF,,0,0,,,,,,,,,,,,,,,,,,,,,,,,,,,,Matches,fortuna sittard
Muhammet Tunahan Taşçı,tr TUR,MF,19.0,0,0,,,,,,,,,,,,,,,,,,,,,,,,,,,,Matches,fortuna sittard
Noah Fadiga,sn SEN,DF,21.0,33,30,2706.0,30.1,1.0,0.0,1.0,1.0,0.0,0.0,8.0,0.0,1.9,1.9,1.1,3.0,64.0,98.0,117.0,0.03,0.0,0.03,0.03,0.03,0.06,0.04,0.1,0.06,0.1,Matches,heracles almelo
Mats Knoester,nl NED,DF,22.0,31,30,2661.0,29.6,0.0,0.0,0.0,0.0,0.0,0.0,3.0,0.0,1.3,1.3,0.4,1.6,44.0,111.0,8.0,0.0,0.0,0.0,0.0,0.0,0.04,0.01,0.06,0.04,0.06,Matches,heracles almelo
Giacomo Quagliata,it ITA,DF,21.0,29,28,2544.0,28.3,1.0,2.0,3.0,1.0,0.0,0.0,9.0,0.0,1.6,1.6,2.9,4.5,86.0,85.0,181.0,0.04,0.07,0.11,0.04,0.11,0.06,0.1,0.16,0.06,0.16,Matches,heracles almelo
Marco Rente,de GER,DF,24.0,27,27,2311.0,25.7,1.0,0.0,1.0,1.0,0.0,0.0,5.0,0.0,1.9,1.9,0.5,2.3,29.0,99.0,4.0,0.04,0.0,0.04,0.04,0.04,0.07,0.02,0.09,0.07,0.09,Matches,heracles almelo
Lucas Schoofs,be BEL,"MF,DF",24.0,27,24,2093.0,23.3,0.0,2.0,2.0,0.0,0.0,0.0,1.0,0.0,1.9,1.9,1.2,3.1,18.0,100.0,20.0,0.0,0.09,0.09,0.0,0.09,0.08,0.05,0.13,0.08,0.13,Matches,heracles almelo
Nikolai Laursen,dk DEN,"FW,MF",23.0,29,24,1851.0,20.6,4.0,0.0,4.0,4.0,0.0,0.0,3.0,0.0,3.0,3.0,2.8,5.9,36.0,44.0,120.0,0.19,0.0,0.19,0.19,0.19,0.15,0.14,0.29,0.15,0.29,Matches,heracles almelo
Janis Blaswich,de GER,GK,30.0,22,22,1980.0,22.0,0.0,0.0,0.0,0.0,0.0,0.0,1.0,0.0,0.0,0.0,0.0,0.0,0.0,1.0,0.0,0.0,0.0,0.0,0.0,0.0,0.0,0.0,0.0,0.0,0.0,Matches,heracles almelo
Orestis Kiomourtzoglou,de GER,MF,23.0,24,20,1879.0,20.9,2.0,0.0,2.0,2.0,0.0,0.0,1.0,0.0,2.5,2.5,0.5,3.0,9.0,83.0,16.0,0.1,0.0,0.1,0.1,0.1,0.12,0.02,0.14,0.12,0.14,Matches,heracles almelo
Bilal Başaçıkoğlu,tr TUR,"FW,MF",26.0,27,19,1480.0,16.4,1.0,2.0,3.0,1.0,0.0,0.0,4.0,0.0,1.7,1.7,3.8,5.4,44.0,30.0,126.0,0.06,0.12,0.18,0.06,0.18,0.1,0.23,0.33,0.1,0.33,Matches,heracles almelo
Kaj Sierhuis,nl NED,FW,23.0,18,18,1419.0,15.8,4.0,3.0,7.0,4.0,0.0,0.0,2.0,0.0,6.5,6.5,2.7,9.1,24.0,46.0,60.0,0.25,0.19,0.44,0.25,0.44,0.41,0.17,0.58,0.41,0.58,Matches,heracles almelo
Sinan Bakış,tr TUR,FW,27.0,31,17,1528.0,17.0,6.0,0.0,6.0,6.0,0.0,0.0,2.0,1.0,5.5,5.5,0.7,6.3,12.0,30.0,74.0,0.35,0.0,0.35,0.35,0.35,0.33,0.04,0.37,0.33,0.37,Matches,heracles almelo
Koen Bucker,nl NED,GK,25.0,12,12,1080.0,12.0,0.0,0.0,0.0,0.0,0.0,0.0,0.0,0.0,0.0,0.0,0.0,0.0,0.0,0.0,0.0,0.0,0.0,0.0,0.0,0.0,0.0,0.0,0.0,0.0,0.0,Matches,heracles almelo
Delano Burgzorg,nl NED,"FW,MF",22.0,17,11,1151.0,12.8,4.0,0.0,4.0,4.0,0.0,0.0,3.0,0.0,4.7,4.7,0.9,5.6,36.0,35.0,98.0,0.31,0.0,0.31,0.31,0.31,0.37,0.07,0.44,0.37,0.44,Matches,heracles almelo
Rai Vloet,nl NED,MF,26.0,12,11,1016.0,11.3,3.0,0.0,3.0,2.0,1.0,2.0,3.0,0.0,4.2,2.6,2.0,4.6,39.0,67.0,39.0,0.27,0.0,0.27,0.18,0.18,0.37,0.17,0.55,0.23,0.41,Matches,heracles almelo
Anas Ouahim,de GER,"MF,FW",23.0,10,10,690.0,7.7,0.0,1.0,1.0,0.0,0.0,0.0,2.0,1.0,0.6,0.6,0.6,1.2,17.0,24.0,35.0,0.0,0.13,0.13,0.0,0.13,0.08,0.08,0.16,0.08,0.16,Matches,heracles almelo
Justin Hoogma,nl NED,"DF,MF",23.0,12,8,765.0,8.5,0.0,0.0,0.0,0.0,0.0,0.0,0.0,0.0,0.3,0.3,0.0,0.4,6.0,22.0,1.0,0.0,0.0,0.0,0.0,0.0,0.04,0.01,0.04,0.04,0.04,Matches,heracles almelo
Emil Hansson,se SWE,"MF,FW",23.0,13,6,570.0,6.3,0.0,4.0,4.0,0.0,0.0,0.0,0.0,0.0,0.3,0.3,2.1,2.4,18.0,20.0,31.0,0.0,0.63,0.63,0.0,0.63,0.04,0.34,0.38,0.04,0.38,Matches,heracles almelo
Ruben Roosken,nl NED,DF,21.0,7,6,489.0,5.4,0.0,1.0,1.0,0.0,0.0,0.0,0.0,0.0,0.1,0.1,0.7,0.7,11.0,16.0,26.0,0.0,0.18,0.18,0.0,0.18,0.01,0.12,0.13,0.01,0.13,Matches,heracles almelo
Navajo Bakboord,nl NED,DF,22.0,9,6,484.0,5.4,0.0,0.0,0.0,0.0,0.0,0.0,3.0,0.0,0.0,0.0,0.3,0.3,7.0,10.0,11.0,0.0,0.0,0.0,0.0,0.0,0.0,0.05,0.05,0.0,0.05,Matches,heracles almelo
Sven Sonnenberg,de GER,DF,22.0,9,4,477.0,5.3,0.0,0.0,0.0,0.0,0.0,0.0,0.0,1.0,0.1,0.1,0.0,0.1,1.0,15.0,1.0,0.0,0.0,0.0,0.0,0.0,0.03,0.0,0.03,0.03,0.03,Matches,heracles almelo
Elias Sierra,be BEL,"MF,FW",19.0,16,4,388.0,4.3,0.0,1.0,1.0,0.0,0.0,0.0,0.0,0.0,0.5,0.5,0.8,1.4,5.0,9.0,24.0,0.0,0.23,0.23,0.0,0.23,0.12,0.19,0.32,0.12,0.32,Matches,heracles almelo
Ismail Azzaoui,be BEL,"FW,MF",23.0,12,3,436.0,4.8,3.0,1.0,4.0,3.0,0.0,0.0,0.0,0.0,0.5,0.5,0.9,1.4,13.0,18.0,34.0,0.62,0.21,0.83,0.62,0.83,0.1,0.18,0.28,0.1,0.28,Matches,heracles almelo
Adrian Szöke,hu HUN,"FW,MF",23.0,10,1,144.0,1.6,0.0,0.0,0.0,0.0,0.0,0.0,0.0,0.0,0.0,0.0,0.0,0.0,0.0,1.0,5.0,0.0,0.0,0.0,0.0,0.0,0.03,0.0,0.03,0.03,0.03,Matches,heracles almelo
Mohamed Amissi,bi BDI,"FW,MF",20.0,8,1,129.0,1.4,0.0,0.0,0.0,0.0,0.0,0.0,0.0,0.0,0.2,0.2,0.0,0.2,3.0,2.0,12.0,0.0,0.0,0.0,0.0,0.0,0.15,0.0,0.15,0.15,0.15,Matches,heracles almelo
Samuel Armenteros,se SWE,FW,31.0,9,0,211.0,2.3,1.0,0.0,1.0,1.0,0.0,0.0,0.0,0.0,0.6,0.6,0.3,0.9,1.0,4.0,6.0,0.43,0.0,0.43,0.43,0.43,0.26,0.13,0.39,0.26,0.39,Matches,heracles almelo
Kasper Lunding,dk DEN,MF,22.0,6,0,164.0,1.8,0.0,0.0,0.0,0.0,0.0,0.0,1.0,0.0,0.1,0.1,0.4,0.5,5.0,2.0,8.0,0.0,0.0,0.0,0.0,0.0,0.06,0.22,0.28,0.06,0.28,Matches,heracles almelo
Melih Ibrahimoglu,tr TUR,MF,21.0,2,0,47.0,0.5,0.0,0.0,0.0,0.0,0.0,0.0,0.0,0.0,0.0,0.0,0.0,0.0,1.0,1.0,0.0,0.0,0.0,0.0,0.0,0.0,0.0,0.0,0.0,0.0,0.0,Matches,heracles almelo
Mateo Leš,hr CRO,DF,21.0,3,0,44.0,0.5,0.0,0.0,0.0,0.0,0.0,0.0,0.0,0.0,0.1,0.1,0.0,0.1,2.0,6.0,0.0,0.0,0.0,0.0,0.0,0.0,0.25,0.0,0.25,0.25,0.25,Matches,heracles almelo
Sem Scheperman,nl NED,DF,19.0,1,0,14.0,0.2,0.0,0.0,0.0,0.0,0.0,0.0,0.0,0.0,0.0,0.0,0.0,0.0,1.0,1.0,0.0,0.0,0.0,0.0,0.0,0.0,0.0,0.0,0.0,0.0,0.0,Matches,heracles almelo
Robin Polley,gh GHA,FW,22.0,1,0,8.0,0.1,0.0,0.0,0.0,0.0,0.0,0.0,0.0,0.0,0.0,0.0,0.0,0.0,0.0,0.0,1.0,0.0,0.0,0.0,0.0,0.0,0.0,0.0,0.0,0.0,0.0,Matches,heracles almelo
Rohat Agca,nl NED,MF,19.0,0,0,,,,,,,,,,,,,,,,,,,,,,,,,,,,Matches,heracles almelo
Alessandro Damen,nl NED,GK,31.0,0,0,,,,,,,,,,,,,,,,,,,,,,,,,,,,Matches,heracles almelo
Robin Jalving,nl NED,GK,21.0,0,0,,,,,,,,,,,,,,,,,,,,,,,,,,,,Matches,heracles almelo
Timon Wellenreuther,de GER,GK,25.0,31,31,2790.0,31.0,0.0,0.0,0.0,0.0,0.0,0.0,4.0,0.0,0.0,0.0,0.4,0.4,0.0,4.0,0.0,0.0,0.0,0.0,0.0,0.0,0.0,0.01,0.01,0.0,0.01,Matches,willem ii
Leeroy Owusu,nl NED,DF,24.0,31,31,2753.0,30.6,0.0,3.0,3.0,0.0,0.0,0.0,1.0,0.0,0.9,0.9,3.5,4.4,88.0,123.0,100.0,0.0,0.1,0.1,0.0,0.1,0.03,0.12,0.15,0.03,0.15,Matches,willem ii
Derrick Köhn,de GER,DF,22.0,31,30,2530.0,28.1,1.0,1.0,2.0,1.0,0.0,0.0,3.0,1.0,1.4,1.4,1.1,2.5,73.0,111.0,95.0,0.04,0.04,0.07,0.04,0.07,0.05,0.04,0.09,0.05,0.09,Matches,willem ii
Ché Nunnely,nl NED,FW,22.0,31,30,2444.0,27.2,6.0,1.0,7.0,6.0,0.0,0.0,2.0,0.0,3.9,3.9,2.0,5.9,82.0,44.0,167.0,0.22,0.04,0.26,0.22,0.26,0.14,0.07,0.22,0.14,0.22,Matches,willem ii
Mats Köhlert,de GER,"FW,DF",23.0,33,29,2479.0,27.5,3.0,1.0,4.0,3.0,0.0,0.0,2.0,0.0,2.8,2.8,2.4,5.2,84.0,116.0,179.0,0.11,0.04,0.15,0.11,0.15,0.1,0.09,0.19,0.1,0.19,Matches,willem ii
Pol Llonch,es ESP,MF,28.0,25,23,1897.0,21.1,0.0,0.0,0.0,0.0,0.0,0.0,4.0,0.0,0.8,0.8,0.9,1.7,21.0,109.0,31.0,0.0,0.0,0.0,0.0,0.0,0.04,0.04,0.08,0.04,0.08,Matches,willem ii
Ulrik Yttergård Jenssen,no NOR,DF,25.0,23,21,1881.0,20.9,0.0,0.0,0.0,0.0,0.0,0.0,3.0,1.0,0.0,0.0,0.5,0.5,16.0,88.0,3.0,0.0,0.0,0.0,0.0,0.0,0.0,0.03,0.03,0.0,0.03,Matches,willem ii
Max Svensson,se SWE,"FW,MF",23.0,34,20,1911.0,21.2,1.0,4.0,5.0,1.0,0.0,0.0,1.0,0.0,3.7,3.7,3.1,6.7,43.0,42.0,135.0,0.05,0.19,0.24,0.05,0.24,0.17,0.15,0.32,0.17,0.32,Matches,willem ii
Freek Heerkens,nl NED,"DF,MF",31.0,19,18,1600.0,17.8,0.0,0.0,0.0,0.0,0.0,0.0,0.0,0.0,1.6,1.6,0.1,1.7,14.0,51.0,5.0,0.0,0.0,0.0,0.0,0.0,0.09,0.01,0.1,0.09,0.1,Matches,willem ii
Kwasi Okyere Wriedt,gh GHA,FW,27.0,18,16,1194.0,13.3,4.0,2.0,6.0,4.0,0.0,0.0,3.0,0.0,2.9,2.9,1.0,3.9,15.0,19.0,85.0,0.3,0.15,0.45,0.3,0.45,0.22,0.08,0.29,0.22,0.29,Matches,willem ii
Görkem Sağlam,de GER,MF,23.0,22,15,1149.0,12.8,1.0,3.0,4.0,1.0,0.0,0.0,2.0,0.0,1.3,1.3,2.4,3.7,17.0,59.0,53.0,0.08,0.23,0.31,0.08,0.31,0.1,0.19,0.29,0.1,0.29,Matches,willem ii
Wessel Dammers,nl NED,DF,26.0,14,14,1250.0,13.9,1.0,1.0,2.0,1.0,0.0,0.0,0.0,0.0,0.8,0.8,0.4,1.2,7.0,36.0,2.0,0.07,0.07,0.14,0.07,0.14,0.06,0.03,0.09,0.06,0.09,Matches,willem ii
Jizz Hornkamp,nl NED,FW,23.0,13,13,1070.0,11.9,4.0,0.0,4.0,4.0,0.0,0.0,2.0,0.0,3.9,3.9,0.4,4.3,7.0,11.0,40.0,0.34,0.0,0.34,0.34,0.34,0.33,0.03,0.36,0.33,0.36,Matches,willem ii
Daniel Crowley,eng ENG,MF,23.0,14,9,857.0,9.5,0.0,0.0,0.0,0.0,0.0,0.0,3.0,0.0,0.5,0.5,1.6,2.1,25.0,54.0,19.0,0.0,0.0,0.0,0.0,0.0,0.05,0.17,0.22,0.05,0.22,Matches,willem ii
Elton Kabangu,cd COD,FW,23.0,24,8,948.0,10.5,3.0,0.0,3.0,3.0,0.0,0.0,1.0,0.0,4.9,4.9,0.8,5.6,24.0,8.0,72.0,0.28,0.0,0.28,0.28,0.28,0.46,0.07,0.53,0.46,0.53,Matches,willem ii
Emil Bergström,se SWE,DF,28.0,13,8,748.0,8.3,0.0,0.0,0.0,0.0,0.0,0.0,0.0,1.0,0.6,0.6,0.3,0.8,1.0,13.0,3.0,0.0,0.0,0.0,0.0,0.0,0.07,0.03,0.1,0.07,0.1,Matches,willem ii
Godfried Roemeratoe,cw CUW,"MF,DF",21.0,21,6,698.0,7.8,1.0,0.0,1.0,1.0,0.0,0.0,0.0,0.0,0.5,0.5,0.2,0.8,4.0,42.0,4.0,0.13,0.0,0.13,0.13,0.13,0.07,0.03,0.1,0.07,0.1,Matches,willem ii
Nikolaos Michelis,gr GRE,DF,20.0,13,6,647.0,7.2,0.0,0.0,0.0,0.0,0.0,0.0,0.0,1.0,0.3,0.3,0.0,0.3,5.0,27.0,1.0,0.0,0.0,0.0,0.0,0.0,0.04,0.0,0.04,0.04,0.04,Matches,willem ii
Ringo Meerveld,nl NED,MF,20.0,13,5,537.0,6.0,0.0,3.0,3.0,0.0,0.0,0.0,0.0,0.0,0.2,0.2,1.8,2.0,8.0,16.0,10.0,0.0,0.5,0.5,0.0,0.5,0.03,0.3,0.33,0.03,0.33,Matches,willem ii
Thijs Oosting,nl NED,MF,21.0,3,3,270.0,3.0,2.0,0.0,2.0,2.0,0.0,0.0,1.0,0.0,0.9,0.9,0.2,1.1,1.0,3.0,6.0,0.67,0.0,0.67,0.67,0.67,0.29,0.06,0.35,0.29,0.35,Matches,willem ii
Jorn Brondeel,be BEL,GK,27.0,2,2,104.0,1.2,0.0,0.0,0.0,0.0,0.0,0.0,0.0,1.0,0.0,0.0,0.0,0.0,0.0,0.0,0.0,0.0,0.0,0.0,0.0,0.0,0.0,0.0,0.0,0.0,0.0,Matches,willem ii
Vincent Schippers,nl NED,"DF,FW",20.0,5,1,166.0,1.8,0.0,0.0,0.0,0.0,0.0,0.0,0.0,0.0,0.0,0.0,0.0,0.0,0.0,6.0,0.0,0.0,0.0,0.0,0.0,0.0,0.02,0.0,0.02,0.02,0.02,Matches,willem ii
Wesley Spieringhs,nl NED,"MF,FW",19.0,5,1,97.0,1.1,1.0,0.0,1.0,1.0,0.0,0.0,0.0,0.0,0.4,0.4,0.0,0.4,1.0,6.0,2.0,0.93,0.0,0.93,0.93,0.93,0.33,0.02,0.35,0.33,0.35,Matches,willem ii
Robbin Ruiter,nl NED,GK,34.0,1,1,90.0,1.0,0.0,0.0,0.0,0.0,0.0,0.0,0.0,0.0,0.0,0.0,0.0,0.0,0.0,0.0,0.0,0.0,0.0,0.0,0.0,0.0,0.0,0.0,0.0,0.0,0.0,Matches,willem ii
Miquel Nelom,nl NED,DF,30.0,4,1,79.0,0.9,0.0,0.0,0.0,0.0,0.0,0.0,2.0,1.0,0.0,0.0,0.0,0.0,2.0,4.0,0.0,0.0,0.0,0.0,0.0,0.0,0.0,0.0,0.0,0.0,0.0,Matches,willem ii
Anargyros Kampetsis,gr GRE,"FW,MF",22.0,17,0,322.0,3.6,0.0,2.0,2.0,0.0,0.0,0.0,0.0,0.0,1.0,1.0,0.2,1.2,2.0,8.0,29.0,0.0,0.56,0.56,0.0,0.56,0.27,0.06,0.34,0.27,0.34,Matches,willem ii
John Yeboah,de GER,"FW,MF",21.0,8,0,79.0,0.9,0.0,0.0,0.0,0.0,0.0,0.0,1.0,0.0,0.2,0.2,0.1,0.2,6.0,7.0,7.0,0.0,0.0,0.0,0.0,0.0,0.19,0.08,0.28,0.19,0.28,Matches,willem ii
Connor van den Berg,nl NED,GK,20.0,1,0,74.0,0.8,0.0,0.0,0.0,0.0,0.0,0.0,0.0,0.0,0.0,0.0,0.0,0.0,0.0,0.0,0.0,0.0,0.0,0.0,0.0,0.0,0.0,0.0,0.0,0.0,0.0,Matches,willem ii
Kilian Ludewig,de GER,"FW,DF",21.0,4,0,58.0,0.6,0.0,0.0,0.0,0.0,0.0,0.0,0.0,0.0,0.0,0.0,0.0,0.0,2.0,3.0,2.0,0.0,0.0,0.0,0.0,0.0,0.0,0.0,0.0,0.0,0.0,Matches,willem ii
Abdenasser El Khayati,nl NED,"MF,FW",32.0,5,0,55.0,0.6,0.0,0.0,0.0,0.0,0.0,0.0,0.0,0.0,0.0,0.0,0.0,0.0,0.0,2.0,5.0,0.0,0.0,0.0,0.0,0.0,0.06,0.0,0.06,0.06,0.06,Matches,willem ii
Rick Zuijderwijk,nl NED,"MF,FW",20.0,3,0,38.0,0.4,0.0,0.0,0.0,0.0,0.0,0.0,0.0,0.0,0.2,0.2,0.0,0.2,0.0,0.0,0.0,0.0,0.0,0.0,0.0,0.0,0.46,0.0,0.46,0.46,0.46,Matches,willem ii
Jelte Pal,nl NED,FW,18.0,2,0,5.0,0.1,0.0,0.0,0.0,0.0,0.0,0.0,0.0,0.0,0.0,0.0,0.0,0.0,0.0,0.0,0.0,0.0,0.0,0.0,0.0,0.0,0.41,0.0,0.41,0.41,0.41,Matches,willem ii
Noah Lewis,nl NED,DF,20.0,0,0,,,,,,,,,,,,,,,,,,,,,,,,,,,,Matches,willem ii
Dylan Ryan,au AUS,DF,21.0,0,0,,,,,,,,,,,,,,,,,,,,,,,,,,,,Matches,willem ii
Maarten Schut,nl NED,GK,17.0,0,0,,,,,,,,,,,,,,,,,,,,,,,,,,,,Matches,willem ii
Bram van Polen,nl NED,DF,35.0,30,30,2642.0,29.4,5.0,1.0,6.0,2.0,3.0,3.0,3.0,0.0,3.7,1.3,1.6,2.9,31.0,148.0,40.0,0.17,0.03,0.2,0.07,0.1,0.12,0.05,0.18,0.04,0.1,Matches,zwolle
Yuta Nakayama,jp JPN,DF,24.0,29,29,2597.0,28.9,1.0,2.0,3.0,1.0,0.0,0.0,5.0,0.0,0.9,0.9,1.6,2.6,45.0,159.0,38.0,0.03,0.07,0.1,0.03,0.1,0.03,0.06,0.09,0.03,0.09,Matches,zwolle
Mees de Wit,nl NED,"DF,FW",23.0,28,26,2324.0,25.8,4.0,0.0,4.0,4.0,0.0,0.0,6.0,0.0,1.7,1.7,2.4,4.2,93.0,142.0,95.0,0.15,0.0,0.15,0.15,0.15,0.07,0.09,0.16,0.07,0.16,Matches,zwolle
Daishawn Redan,nl NED,"FW,MF",20.0,26,24,2040.0,22.7,6.0,3.0,9.0,6.0,0.0,1.0,2.0,0.0,6.5,5.7,2.9,8.6,29.0,44.0,114.0,0.26,0.13,0.4,0.26,0.4,0.29,0.13,0.41,0.25,0.38,Matches,zwolle
Thomas van den Belt,nl NED,MF,20.0,30,23,2058.0,22.9,3.0,1.0,4.0,3.0,0.0,0.0,5.0,0.0,2.9,2.9,2.3,5.2,31.0,140.0,26.0,0.13,0.04,0.17,0.13,0.17,0.13,0.1,0.23,0.13,0.23,Matches,zwolle
Kenneth Paal,sr SUR,"DF,MF",24.0,25,18,1642.0,18.2,0.0,1.0,1.0,0.0,0.0,0.0,1.0,0.0,1.0,1.0,3.6,4.6,45.0,104.0,105.0,0.0,0.05,0.05,0.0,0.05,0.05,0.2,0.25,0.05,0.25,Matches,zwolle
Rico Strieder,de GER,MF,29.0,24,18,1451.0,16.1,0.0,1.0,1.0,0.0,0.0,0.0,4.0,0.0,0.0,0.0,0.7,0.8,12.0,66.0,10.0,0.0,0.06,0.06,0.0,0.06,0.0,0.05,0.05,0.0,0.05,Matches,zwolle
Pelle Clement,nl NED,"MF,FW",25.0,19,18,1368.0,15.2,0.0,2.0,2.0,0.0,0.0,0.0,2.0,0.0,0.8,0.8,3.2,4.0,48.0,74.0,98.0,0.0,0.13,0.13,0.0,0.13,0.06,0.21,0.26,0.06,0.26,Matches,zwolle
Mustafa Saymak,nl NED,MF,28.0,21,18,1288.0,14.3,1.0,1.0,2.0,1.0,0.0,0.0,4.0,0.0,1.9,1.9,2.1,4.1,31.0,43.0,67.0,0.07,0.07,0.14,0.07,0.14,0.14,0.15,0.28,0.14,0.28,Matches,zwolle
Gervane Kastaneer,cw CUW,"FW,MF",25.0,31,17,1553.0,17.3,2.0,0.0,2.0,2.0,0.0,0.0,3.0,0.0,4.6,4.6,1.8,6.4,36.0,23.0,131.0,0.12,0.0,0.12,0.12,0.12,0.27,0.11,0.37,0.27,0.37,Matches,zwolle
Siemen Voet,be BEL,DF,21.0,17,14,1243.0,13.8,0.0,0.0,0.0,0.0,0.0,0.0,2.0,1.0,0.1,0.1,0.1,0.2,14.0,54.0,10.0,0.0,0.0,0.0,0.0,0.0,0.01,0.0,0.01,0.01,0.01,Matches,zwolle
Dean Huiberts,nl NED,MF,21.0,17,14,1152.0,12.8,1.0,0.0,1.0,1.0,0.0,0.0,2.0,0.0,1.3,1.3,0.5,1.8,17.0,37.0,32.0,0.08,0.0,0.08,0.08,0.08,0.1,0.04,0.14,0.1,0.14,Matches,zwolle
Eliano Reijnders,nl NED,"DF,MF",20.0,23,13,1266.0,14.1,0.0,1.0,1.0,0.0,0.0,0.0,2.0,0.0,0.7,0.7,1.5,2.2,29.0,45.0,80.0,0.0,0.07,0.07,0.0,0.07,0.05,0.11,0.16,0.05,0.16,Matches,zwolle
Sam Kersten,nl NED,DF,23.0,13,13,1139.0,12.7,0.0,0.0,0.0,0.0,0.0,0.0,3.0,1.0,0.6,0.6,0.1,0.7,8.0,36.0,0.0,0.0,0.0,0.0,0.0,0.0,0.05,0.01,0.05,0.05,0.05,Matches,zwolle
Djavan Anderson,nl NED,"DF,MF",26.0,14,12,1028.0,11.4,0.0,2.0,2.0,0.0,0.0,0.0,0.0,0.0,1.2,1.2,0.7,1.8,28.0,22.0,60.0,0.0,0.18,0.18,0.0,0.18,0.1,0.06,0.16,0.1,0.16,Matches,zwolle
Slobodan Tedić,rs SRB,FW,21.0,23,11,1192.0,13.2,0.0,0.0,0.0,0.0,0.0,0.0,2.0,0.0,3.8,3.8,0.7,4.5,4.0,16.0,79.0,0.0,0.0,0.0,0.0,0.0,0.29,0.05,0.34,0.29,0.34,Matches,zwolle
Oussama Darfalou,dz ALG,FW,27.0,11,11,877.0,9.7,2.0,3.0,5.0,2.0,0.0,0.0,0.0,0.0,3.5,3.5,0.7,4.2,14.0,24.0,70.0,0.21,0.31,0.51,0.21,0.51,0.36,0.07,0.43,0.36,0.43,Matches,zwolle
Luka Adžić,rs SRB,"FW,MF",22.0,16,7,725.0,8.1,0.0,1.0,1.0,0.0,0.0,0.0,0.0,0.0,2.2,2.2,2.0,4.3,34.0,19.0,98.0,0.0,0.12,0.12,0.0,0.12,0.28,0.25,0.53,0.28,0.53,Matches,zwolle
Mark Pabai,lr LBR,DF,20.0,9,7,683.0,7.6,0.0,2.0,2.0,0.0,0.0,0.0,1.0,0.0,0.4,0.4,0.6,1.0,35.0,10.0,32.0,0.0,0.26,0.26,0.0,0.26,0.05,0.08,0.13,0.05,0.13,Matches,zwolle
Maikel van der Werff,nl NED,DF,32.0,11,6,495.0,5.5,0.0,0.0,0.0,0.0,0.0,0.0,1.0,0.0,0.6,0.6,0.1,0.7,6.0,21.0,2.0,0.0,0.0,0.0,0.0,0.0,0.11,0.01,0.13,0.11,0.13,Matches,zwolle
Chardi Landu,nl NED,"FW,MF",21.0,11,4,448.0,5.0,0.0,0.0,0.0,0.0,0.0,0.0,0.0,0.0,0.8,0.8,0.6,1.5,17.0,9.0,50.0,0.0,0.0,0.0,0.0,0.0,0.16,0.13,0.29,0.16,0.29,Matches,zwolle
Rav van den Berg,nl NED,DF,17.0,10,3,365.0,4.1,0.0,0.0,0.0,0.0,0.0,0.0,0.0,0.0,0.0,0.0,0.1,0.1,4.0,8.0,1.0,0.0,0.0,0.0,0.0,0.0,0.01,0.01,0.02,0.01,0.02,Matches,zwolle
Sai van Wermeskerken,jp JPN,"DF,MF",27.0,7,2,278.0,3.1,0.0,0.0,0.0,0.0,0.0,0.0,1.0,0.0,0.3,0.3,0.0,0.3,3.0,10.0,9.0,0.0,0.0,0.0,0.0,0.0,0.1,0.0,0.1,0.1,0.1,Matches,zwolle
Elikia Mbinga,nl NED,"MF,FW",20.0,5,1,111.0,1.2,0.0,0.0,0.0,0.0,0.0,0.0,1.0,0.0,0.0,0.0,0.1,0.1,0.0,5.0,5.0,0.0,0.0,0.0,0.0,0.0,0.0,0.05,0.05,0.0,0.05,Matches,zwolle
Thomas Beelen,nl NED,"MF,DF",20.0,3,1,76.0,0.8,0.0,0.0,0.0,0.0,0.0,0.0,0.0,0.0,0.1,0.1,0.0,0.1,0.0,8.0,2.0,0.0,0.0,0.0,0.0,0.0,0.06,0.0,0.06,0.06,0.06,Matches,zwolle
Ryan Koolwijk,sr SUR,MF,35.0,9,0,174.0,1.9,0.0,0.0,0.0,0.0,0.0,0.0,0.0,0.0,0.1,0.1,0.0,0.1,1.0,12.0,5.0,0.0,0.0,0.0,0.0,0.0,0.03,0.0,0.03,0.03,0.03,Matches,zwolle
Max de Waal,nl NED,"MF,FW",19.0,7,0,165.0,1.8,0.0,0.0,0.0,0.0,0.0,0.0,0.0,0.0,0.6,0.6,0.0,0.6,3.0,3.0,6.0,0.0,0.0,0.0,0.0,0.0,0.35,0.0,0.35,0.35,0.35,Matches,zwolle
Samir Lagsir,nl NED,"FW,MF",18.0,5,0,93.0,1.0,1.0,0.0,1.0,1.0,0.0,0.0,0.0,0.0,0.1,0.1,0.0,0.1,2.0,4.0,6.0,0.97,0.0,0.97,0.97,0.97,0.13,0.0,0.13,0.13,0.13,Matches,zwolle
Leandro Fernandes,nl NED,"FW,MF",21.0,3,0,70.0,0.8,0.0,0.0,0.0,0.0,0.0,0.0,0.0,0.0,0.1,0.1,0.0,0.1,1.0,1.0,4.0,0.0,0.0,0.0,0.0,0.0,0.11,0.03,0.14,0.11,0.14,Matches,zwolle
Tristan van Gilst,nl NED,FW,18.0,1,0,22.0,0.2,0.0,0.0,0.0,0.0,0.0,0.0,0.0,0.0,0.0,0.0,0.0,0.0,0.0,0.0,1.0,0.0,0.0,0.0,0.0,0.0,0.0,0.0,0.0,0.0,0.0,Matches,zwolle
Gabi Caschili,nl NED,MF,18.0,1,0,10.0,0.1,0.0,0.0,0.0,0.0,0.0,0.0,0.0,0.0,0.0,0.0,0.0,0.0,1.0,0.0,0.0,0.0,0.0,0.0,0.0,0.0,0.0,0.14,0.14,0.0,0.14,Matches,zwolle
Daijiro Chirino,nl NED,DF,19.0,0,0,,,,,,,,,,,,,,,,,,,,,,,,,,,,Matches,zwolle
Damian van der Haar,,DF,,0,0,,,,,,,,,,,,,,,,,,,,,,,,,,,,Matches,zwolle
Mike Hauptmeijer,nl NED,GK,24.0,0,0,,,,,,,,,,,,,,,,,,,,,,,,,,,,Matches,zwolle
Joey Kesting,nl NED,GK,20.0,0,0,,,,,,,,,,,,,,,,,,,,,,,,,,,,Matches,zwolle
Jasper Schendelaar,nl NED,GK,20.0,0,0,,,,,,,,,,,,,,,,,,,,,,,,,,,,Matches,zwolle
Jesse Vermaning,nl NED,DF,19.0,0,0,,,,,,,,,,,,,,,,,,,,,,,,,,,,Matches,zwolle
